-0.396, -0.89, 0.041, 0.033, 0.053, 0.027
-0.396, -0.89, 0.041, 0.051, 0.055, -0.001
-0.396, -0.89, 0.041, 0.066, 0.037, 0.079
-0.396, -0.89, 0.041, -0.043, -0.091, -0.004
-0.396, -0.89, 0.041, 0.02, 0.039, 0.031
-0.396, -0.89, 0.041, 0.047, 0.115, 0.111
-0.396, -0.89, 0.041, 0.08, 0.089, -0.067
-0.396, -0.89, 0.041, 0.044, 0.044, 0.018
-0.396, -0.89, 0.041, 0.025, 0.0, -0.002
-0.396, -0.89, 0.041, 0.075, 0.0, -0.024
-0.396, -0.89, 0.041, 0.008, -0.003, 0.001
-0.396, -0.89, 0.041, 0.076, 0.005, -0.028
-0.396, -0.89, 0.041, 0.056, 0.102, 0.108
-0.396, -0.89, 0.041, 0.029, 0.027, 0.027
-0.396, -0.89, 0.041, 0.046, 0.059, -0.01
-0.396, -0.89, 0.041, 0.017, 0.083, 0.136
-0.396, -0.89, 0.041, 0.031, 0.125, 0.14
-0.396, -0.89, 0.041, 0.003, 0.02, -0.023
-0.396, -0.89, 0.041, 0.018, 0.112, 0.157
-0.396, -0.89, 0.041, 0.037, 0.057, 0.18
-0.396, -0.89, 0.041, 0.022, 0.014, 0.026
-0.396, -0.89, 0.041, 0.048, 0.061, 0.011
-0.396, -0.89, 0.041, 0.06, 0.069, -0.032
-0.396, -0.89, 0.041, -0.01, -0.001, -0.005
-0.396, -0.89, 0.041, 0.011, -0.005, 0.002
-0.396, -0.89, 0.041, -0.003, -0.001, 0.005
-0.396, -0.89, 0.041, 0.035, 0.088, 0.159
-0.396, -0.89, 0.041, 0.017, 0.033, 0.024
-0.396, -0.89, 0.041, 0.103, 0.119, 0.129
-0.396, -0.89, 0.041, 0.057, 0.046, 0.008
-0.396, -0.89, 0.041, -0.004, 0.008, 0.018
-0.396, -0.89, 0.041, 0.019, 0.025, -0.005
-0.396, -0.89, 0.041, 0.028, 0.036, 0.094
-0.396, -0.89, 0.041, 0.092, 0.113, 0.095
-0.396, -0.89, 0.041, 0.051, 0.038, -0.007
-0.396, -0.89, 0.041, 0.009, 0.012, 0.019
-0.396, -0.89, 0.041, 0.05, 0.063, -0.022
-0.396, -0.89, 0.041, -0.004, 0.022, 0.017
-0.396, -0.89, 0.041, 0.058, 0.051, -0.032
-0.396, -0.89, 0.041, 0.041, 0.054, -0.046
-0.396, -0.89, 0.041, 0.012, 0.007, -0.011
-0.396, -0.89, 0.041, -0.002, 0.055, -0.023
-0.396, -0.89, 0.041, 0.024, 0.018, 0.014
-0.396, -0.89, 0.041, 0.086, 0.09, -0.019
-0.396, -0.89, 0.041, 0.072, 0.051, -0.003
-0.396, -0.89, 0.041, 0.006, 0.0, 0.0
-0.396, -0.89, 0.041, 0.023, 0.025, -0.023
-0.396, -0.89, 0.041, 0.008, -0.009, -0.001
-0.396, -0.89, 0.041, 0.046, 0.035, -0.018
-0.396, -0.89, 0.041, 0.061, 0.051, -0.022
-0.396, -0.89, 0.041, 0.033, 0.094, 0.194
-0.396, -0.89, 0.041, 0.027, 0.014, 0.023
-0.396, -0.89, 0.041, 0.048, 0.072, 0.166
-0.396, -0.89, 0.041, 0.081, 0.067, -0.03
-0.396, -0.89, 0.041, 0.057, 0.054, 0.098
-0.396, -0.89, 0.041, 0.016, 0.002, -0.008
-0.396, -0.89, 0.041, 0.066, 0.052, -0.053
-0.396, -0.89, 0.041, 0.019, 0.017, 0.021
-0.396, -0.89, 0.041, 0.03, 0.022, 0.055
-0.396, -0.89, 0.041, 0.032, -0.001, 0.04
-0.396, -0.89, 0.041, 0.009, 0.005, 0.007
-0.396, -0.89, 0.041, 0.037, 0.029, 0.017
-0.396, -0.89, 0.041, 0.006, 0.005, -0.007
-0.396, -0.89, 0.041, 0.016, 0.096, 0.193
-0.396, -0.89, 0.041, 0.078, 0.122, 0.095
-0.396, -0.89, 0.041, 0.052, 0.079, 0.109
-0.396, -0.89, 0.041, 0.046, 0.051, -0.004
-0.396, -0.89, 0.041, 0.033, 0.088, 0.123
-0.396, -0.89, 0.041, 0.011, -0.001, -0.018
-0.396, -0.89, 0.041, 0.053, 0.025, -0.019
-0.396, -0.89, 0.041, 0.019, 0.023, -0.012
-0.396, -0.89, 0.041, 0.0, -0.008, 0.047
-0.396, -0.89, 0.041, 0.071, 0.083, -0.023
-0.396, -0.89, 0.041, 0.029, 0.065, -0.025
-0.396, -0.89, 0.041, 0.009, -0.004, 0.011
-0.396, -0.89, 0.041, 0.015, 0.094, -0.033
-0.396, -0.89, 0.041, 0.019, 0.026, -0.006
-0.396, -0.89, 0.041, 0.01, 0.008, -0.007
-0.396, -0.89, 0.041, 0.08, 0.126, 0.102
-0.396, -0.89, 0.041, -0.002, 0.03, 0.014
-0.396, -0.89, 0.041, 0.011, 0.004, -0.004
-0.396, -0.89, 0.041, 0.023, 0.06, -0.031
-0.396, -0.89, 0.041, 0.036, 0.026, 0.105
-0.396, -0.89, 0.041, 0.047, 0.039, 0.079
-0.396, -0.89, 0.041, 0.04, 0.038, -0.025
-0.396, -0.89, 0.041, 0.004, 0.001, 0.017
-0.396, -0.89, 0.041, 0.041, 0.034, -0.006
-0.396, -0.89, 0.041, 0.01, 0.094, 0.016
-0.396, -0.89, 0.041, 0.03, 0.046, -0.007
-0.396, -0.89, 0.041, 0.033, 0.028, -0.03
-0.396, -0.89, 0.041, 0.061, 0.038, 0.105
-0.396, -0.89, 0.041, 0.007, 0.007, -0.002
-0.396, -0.89, 0.041, 0.056, 0.046, -0.019
-0.396, -0.89, 0.041, 0.099, 0.059, 0.013
-0.396, -0.89, 0.041, 0.077, 0.039, 0.007
-0.396, -0.89, 0.041, 0.014, 0.001, 0.006
-0.396, -0.89, 0.041, 0.014, -0.001, -0.001
-0.396, -0.89, 0.041, 0.023, -0.006, 0.024
-0.396, -0.89, 0.041, 0.053, 0.009, -0.002
-0.396, -0.89, 0.041, 0.059, 0.036, -0.018
-0.396, -0.89, 0.041, 0.03, 0.0, -0.002
-0.396, -0.89, 0.041, 0.069, 0.042, -0.007
-0.396, -0.89, 0.041, 0.043, 0.047, -0.01
-0.396, -0.89, 0.041, 0.014, -0.004, -0.023
-0.396, -0.89, 0.041, 0.055, 0.019, -0.009
-0.396, -0.89, 0.041, 0.069, 0.049, 0.1
-0.396, -0.89, 0.041, 0.056, 0.04, 0.01
-0.396, -0.89, 0.041, 0.104, 0.048, -0.038
-0.396, -0.89, 0.041, 0.009, 0.12, 0.167
-0.396, -0.89, 0.041, 0.022, 0.01, 0.007
-0.396, -0.89, 0.041, 0.027, 0.057, -0.015
-0.396, -0.89, 0.041, 0.045, 0.145, 0.13
-0.396, -0.89, 0.041, 0.047, 0.082, 0.113
-0.396, -0.89, 0.041, 0.019, 0.02, -0.001
-0.396, -0.89, 0.041, 0.073, 0.135, 0.073
-0.396, -0.89, 0.041, 0.026, 0.078, -0.03
-0.396, -0.89, 0.041, 0.021, 0.004, 0.0
-0.396, -0.89, 0.041, 0.004, 0.006, -0.017
-0.396, -0.89, 0.041, 0.055, 0.016, 0.03
-0.396, -0.89, 0.041, 0.051, -0.008, -0.001
-0.396, -0.89, 0.041, 0.055, 0.068, -0.018
-0.396, -0.89, 0.041, 0.052, 0.055, -0.004
-0.396, -0.89, 0.041, 0.023, 0.012, 0.023
-0.396, -0.89, 0.041, 0.084, 0.045, 0.0
-0.396, -0.89, 0.041, 0.03, 0.01, 0.052
-0.396, -0.89, 0.041, 0.043, 0.052, -0.026
-0.396, -0.89, 0.041, 0.054, 0.028, -0.015
-0.396, -0.89, 0.041, 0.005, -0.004, -0.015
-0.396, -0.89, 0.041, 0.044, 0.05, 0.021
-0.396, -0.89, 0.041, 0.026, 0.021, 0.026
-0.396, -0.89, 0.041, 0.025, 0.006, 0.001
-0.396, -0.89, 0.041, 0.046, 0.077, 0.17
-0.396, -0.89, 0.041, 0.044, 0.02, 0.089
-0.396, -0.89, 0.041, 0.015, 0.007, 0.013
-0.396, -0.89, 0.041, 0.014, 0.049, 0.013
-0.396, -0.89, 0.041, 0.051, 0.054, -0.015
-0.396, -0.89, 0.041, 0.099, 0.07, -0.001
-0.396, -0.89, 0.041, 0.033, 0.018, 0.005
-0.396, -0.89, 0.041, 0.051, 0.043, -0.034
-0.396, -0.89, 0.041, 0.071, 0.06, 0.028
-0.396, -0.89, 0.041, 0.019, -0.003, 0.021
-0.396, -0.89, 0.041, 0.034, 0.039, -0.015
-0.396, -0.89, 0.041, 0.077, 0.03, 0.102
-0.396, -0.89, 0.041, 0.086, 0.084, -0.071
-0.396, -0.89, 0.041, 0.074, 0.061, -0.029
-0.396, -0.89, 0.041, 0.007, 0.01, 0.016
-0.396, -0.89, 0.041, 0.056, 0.037, -0.027
-0.396, -0.89, 0.041, 0.022, -0.001, -0.007
-0.396, -0.89, 0.041, 0.007, 0.005, -0.014
-0.396, -0.89, 0.041, 0.019, 0.006, 0.019
-0.396, -0.89, 0.041, 0.021, -0.006, -0.012
-0.396, -0.89, 0.041, 0.019, 0.005, -0.02
-0.396, -0.89, 0.041, 0.022, 0.012, 0.009
-0.396, -0.89, 0.041, 0.045, 0.049, -0.01
-0.396, -0.89, 0.041, 0.068, 0.05, -0.027
-0.396, -0.89, 0.041, 0.026, 0.09, 0.115
-0.396, -0.89, 0.041, 0.052, 0.021, -0.013
-0.396, -0.89, 0.041, 0.027, 0.008, 0.014
-0.396, -0.89, 0.041, 0.022, 0.011, 0.026
-0.396, -0.89, 0.041, 0.062, 0.032, 0.012
-0.396, -0.89, 0.041, 0.022, 0.01, 0.002
-0.396, -0.89, 0.041, 0.062, 0.029, -0.035
-0.396, -0.89, 0.041, 0.045, 0.028, -0.031
-0.396, -0.89, 0.041, 0.021, -0.005, -0.017
-0.396, -0.89, 0.041, 0.055, 0.055, -0.007
-0.396, -0.89, 0.041, 0.047, 0.105, 0.119
-0.396, -0.89, 0.041, 0.043, 0.111, 0.148
-0.396, -0.89, 0.041, 0.017, 0.022, 0.035
-0.396, -0.89, 0.041, 0.051, 0.055, -0.054
-0.396, -0.89, 0.041, 0.015, 0.083, 0.139
-0.396, -0.89, 0.041, 0.051, 0.02, -0.015
-0.396, -0.89, 0.041, 0.02, -0.005, -0.001
-0.396, -0.89, 0.041, 0.02, 0.043, -0.032
-0.396, -0.89, 0.041, 0.029, 0.012, 0.014
-0.396, -0.89, 0.041, 0.067, 0.079, 0.004
-0.396, -0.89, 0.041, 0.072, 0.068, -0.029
-0.396, -0.89, 0.041, 0.05, 0.109, 0.1
-0.396, -0.89, 0.041, 0.012, 0.004, 0.0
-0.396, -0.89, 0.041, 0.015, 0.004, 0.005
-0.396, -0.89, 0.041, 0.042, 0.039, -0.035
-0.396, -0.89, 0.041, 0.055, 0.063, 0.009
-0.396, -0.89, 0.041, 0.048, 0.062, 0.002
-0.396, -0.89, 0.041, 0.111, 0.047, 0.106
-0.396, -0.89, 0.041, 0.065, 0.095, -0.066
-0.396, -0.89, 0.041, -0.002, -0.015, -0.012
-0.396, -0.89, 0.041, 0.089, -0.004, 0.031
-0.396, -0.89, 0.041, 0.07, 0.043, 0.005
-0.396, -0.89, 0.041, 0.02, 0.006, 0.0
-0.396, -0.89, 0.041, 0.02, 0.011, 0.017
-0.396, -0.89, 0.041, 0.056, 0.058, -0.023
-0.396, -0.89, 0.041, 0.025, 0.038, 0.029
-0.396, -0.89, 0.041, 0.053, 0.027, -0.003
-0.396, -0.89, 0.041, 0.073, 0.004, 0.069
-0.396, -0.89, 0.041, 0.024, 0.0, -0.009
-0.396, -0.89, 0.041, 0.022, 0.006, -0.016
-0.396, -0.89, 0.041, 0.064, 0.026, 0.03
-0.396, -0.89, 0.041, 0.124, 0.036, -0.013
-0.396, -0.89, 0.041, 0.05, 0.024, 0.026
-0.396, -0.89, 0.041, 0.003, 0.049, 0.021
-0.396, -0.89, 0.041, 0.034, 0.007, -0.015
-0.396, -0.89, 0.041, 0.061, 0.066, -0.011
-0.396, -0.89, 0.041, 0.066, 0.089, -0.038
-0.396, -0.89, 0.041, 0.056, 0.071, -0.009
-0.396, -0.89, 0.041, 0.023, 0.013, 0.011
-0.396, -0.89, 0.041, 0.021, 0.004, 0.015
-0.396, -0.89, 0.041, 0.036, 0.022, -0.002
-0.396, -0.89, 0.041, 0.037, 0.057, 0.021
-0.396, -0.89, 0.041, 0.001, 0.009, 0.024
-0.396, -0.89, 0.041, 0.024, 0.008, 0.02
-0.396, -0.89, 0.041, 0.032, 0.048, 0.0
-0.396, -0.89, 0.041, 0.106, 0.029, -0.008
-0.396, -0.89, 0.041, 0.006, 0.078, 0.176
-0.396, -0.89, 0.041, 0.092, 0.024, 0.084
-0.396, -0.89, 0.041, 0.028, 0.029, 0.01
-0.396, -0.89, 0.041, 0.082, 0.084, -0.063
-0.396, -0.89, 0.041, 0.051, 0.064, 0.012
-0.396, -0.89, 0.041, 0.05, 0.046, 0.028
-0.396, -0.89, 0.041, 0.067, 0.117, 0.097
-0.396, -0.89, 0.041, 0.013, 0.012, 0.023
-0.396, -0.89, 0.041, 0.106, 0.026, -0.017
-0.396, -0.89, 0.041, 0.016, -0.005, -0.022
-0.396, -0.89, 0.041, 0.009, -0.003, 0.017
-0.396, -0.89, 0.041, 0.009, 0.006, 0.03
-0.396, -0.89, 0.041, 0.064, 0.048, 0.011
-0.396, -0.89, 0.041, 0.089, 0.087, -0.029
-0.396, -0.89, 0.041, 0.046, 0.108, 0.047
-0.396, -0.89, 0.041, -0.002, 0.109, 0.055
-0.396, -0.89, 0.041, 0.04, 0.1, 0.055
-0.396, -0.89, 0.041, 0.013, 0.033, -0.028
-0.396, -0.89, 0.041, 0.055, 0.035, -0.024
-0.396, -0.89, 0.041, 0.058, 0.041, 0.003
-0.396, -0.89, 0.041, 0.081, 0.048, -0.031
-0.396, -0.89, 0.041, -0.044, 0.096, -0.047
-0.396, -0.89, 0.041, 0.026, 0.104, 0.154
-0.396, -0.89, 0.041, 0.003, 0.088, -0.069
-0.396, -0.89, 0.041, -0.07, 0.074, -0.046
-0.396, -0.89, 0.041, -0.042, 0.085, -0.044
-0.396, -0.89, 0.041, 0.004, 0.082, -0.02
-0.396, -0.89, 0.041, 0.15, 0.081, 0.143
-0.396, -0.89, 0.041, 0.006, 0.02, -0.012
-0.396, -0.89, 0.041, 0.037, 0.038, -0.015
-0.396, -0.89, 0.041, 0.005, 0.005, -0.024
-0.396, -0.89, 0.041, 0.009, 0.006, -0.006
-0.396, -0.89, 0.041, -0.039, 0.136, -0.133
-0.396, -0.89, 0.041, 0.068, 0.014, 0.04
-0.396, -0.89, 0.041, 0.008, 0.147, -0.079
-0.396, -0.89, 0.041, 0.031, 0.023, -0.041
-0.395, -0.89, 0.042, 0.001, -0.031, 0.054
-0.396, -0.89, 0.041, 0.026, 0.044, -0.021
-0.396, -0.89, 0.042, 0.015, -0.041, 0.036
-0.396, -0.89, 0.042, 0.0, 0.028, 0.186
-0.396, -0.89, 0.042, 0.069, -0.031, 0.119
-0.396, -0.89, 0.041, 0.066, 0.191, -0.021
-0.396, -0.89, 0.041, 0.034, 0.112, -0.034
-0.395, -0.89, 0.041, 0.011, 0.216, 0.051
-0.396, -0.89, 0.041, 0.08, 0.126, 0.131
-0.396, -0.89, 0.041, 0.085, 0.145, 0.103
-0.396, -0.89, 0.041, 0.069, 0.134, 0.123
-0.396, -0.89, 0.041, 0.116, 0.163, 0.01
-0.396, -0.89, 0.041, 0.118, 0.187, 0.002
-0.396, -0.89, 0.041, 0.028, 0.013, -0.018
-0.396, -0.89, 0.041, 0.015, 0.025, -0.032
-0.396, -0.89, 0.042, -0.016, 0.028, 0.159
-0.396, -0.89, 0.041, 0.029, 0.015, 0.075
-0.396, -0.89, 0.041, 0.08, 0.084, 0.244
-0.396, -0.89, 0.041, 0.019, 0.01, 0.019
-0.396, -0.89, 0.041, 0.034, 0.015, 0.024
-0.396, -0.89, 0.041, 0.025, 0.015, 0.012
-0.396, -0.89, 0.041, 0.015, -0.002, -0.011
-0.396, -0.89, 0.041, 0.006, -0.012, -0.056
-0.396, -0.89, 0.041, 0.026, -0.001, -0.044
-0.396, -0.89, 0.041, 0.019, -0.011, -0.098
-0.396, -0.89, 0.041, 0.065, 0.061, -0.095
-0.396, -0.89, 0.041, 0.022, 0.008, -0.061
-0.396, -0.89, 0.041, 0.036, 0.033, -0.038
-0.396, -0.89, 0.041, 0.022, 0.0, -0.046
-0.396, -0.89, 0.041, 0.124, 0.044, 0.049
-0.396, -0.89, 0.041, 0.066, 0.041, -0.083
-0.396, -0.89, 0.041, 0.037, 0.009, 0.013
-0.396, -0.89, 0.041, 0.063, 0.023, 0.048
-0.396, -0.89, 0.041, 0.167, 0.099, 0.093
-0.396, -0.89, 0.041, 0.126, 0.086, 0.153
-0.396, -0.89, 0.041, 0.185, 0.083, 0.099
-0.396, -0.89, 0.041, 0.116, 0.01, 0.098
-0.396, -0.89, 0.041, 0.118, 0.059, -0.057
-0.396, -0.89, 0.041, 0.042, 0.049, 0.206
-0.396, -0.89, 0.041, 0.09, 0.069, 0.178
-0.396, -0.89, 0.041, 0.057, 0.013, 0.023
-0.396, -0.89, 0.041, 0.16, 0.026, -0.007
-0.396, -0.89, 0.041, 0.031, 0.025, 0.034
-0.396, -0.89, 0.041, 0.01, 0.029, 0.064
-0.396, -0.89, 0.041, 0.015, 0.015, 0.048
-0.396, -0.89, 0.041, 0.02, 0.039, 0.099
-0.396, -0.89, 0.041, 0.013, 0.032, 0.112
-0.396, -0.89, 0.041, 0.06, 0.068, 0.09
-0.396, -0.89, 0.041, 0.02, 0.058, 0.127
-0.396, -0.89, 0.042, 0.0, 0.056, 0.08
-0.395, -0.89, 0.042, -0.316, 0.153, -0.206
-0.395, -0.89, 0.042, -0.242, 0.169, -0.157
-0.395, -0.89, 0.042, -0.237, 0.157, -0.151
-0.396, -0.89, 0.041, -0.156, 0.162, -0.169
-0.395, -0.89, 0.042, -0.159, 0.139, -0.166
-0.396, -0.89, 0.041, 0.02, 0.054, -0.077
-0.396, -0.89, 0.041, 0.074, 0.134, 0.067
-0.396, -0.89, 0.042, 0.004, 0.079, 0.126
-0.396, -0.89, 0.041, 0.026, 0.077, 0.003
-0.396, -0.89, 0.041, 0.015, 0.104, -0.041
-0.396, -0.89, 0.042, -0.021, 0.028, 0.183
-0.396, -0.89, 0.042, 0.098, -0.02, 0.149
-0.396, -0.89, 0.041, 0.204, 0.182, -0.02
-0.396, -0.89, 0.041, 0.059, 0.078, 0.111
-0.396, -0.89, 0.041, 0.003, 0.018, -0.06
-0.396, -0.89, 0.041, 0.044, 0.074, 0.129
-0.396, -0.89, 0.041, 0.095, 0.112, 0.122
-0.396, -0.89, 0.041, 0.052, 0.03, 0.031
-0.396, -0.89, 0.041, 0.047, 0.03, 0.038
-0.396, -0.89, 0.041, 0.061, 0.049, -0.037
-0.396, -0.89, 0.041, 0.018, 0.099, -0.158
-0.396, -0.89, 0.041, -0.046, 0.116, -0.235
-0.396, -0.89, 0.041, 0.178, 0.098, -0.018
-0.396, -0.89, 0.041, 0.199, 0.07, 0.007
-0.396, -0.89, 0.041, 0.141, -0.023, 0.144
-0.396, -0.89, 0.041, 0.141, 0.042, 0.074
-0.396, -0.89, 0.041, 0.196, 0.167, 0.012
-0.396, -0.89, 0.041, 0.112, 0.115, 0.12
-0.396, -0.89, 0.041, 0.151, 0.14, 0.134
-0.396, -0.89, 0.041, 0.069, 0.033, -0.021
-0.396, -0.89, 0.041, -0.025, 0.073, -0.089
-0.395, -0.89, 0.041, 0.097, 0.111, 0.022
-0.396, -0.89, 0.041, 0.078, 0.096, 0.06
-0.396, -0.89, 0.041, 0.085, 0.098, 0.026
-0.396, -0.89, 0.041, 0.156, 0.09, 0.037
-0.396, -0.89, 0.041, 0.074, 0.079, -0.06
-0.396, -0.89, 0.041, 0.006, 0.055, -0.007
-0.395, -0.89, 0.041, -0.041, 0.118, -0.125
-0.395, -0.89, 0.041, -0.063, 0.114, -0.095
-0.395, -0.89, 0.041, -0.06, 0.082, -0.032
-0.395, -0.89, 0.041, -0.117, 0.149, -0.12
-0.395, -0.89, 0.042, -0.21, 0.167, -0.127
-0.395, -0.89, 0.042, -0.162, 0.257, -0.074
-0.395, -0.89, 0.042, -0.167, 0.206, -0.092
-0.395, -0.89, 0.042, -0.179, 0.185, -0.103
-0.395, -0.89, 0.042, -0.207, 0.192, -0.136
-0.395, -0.89, 0.042, -0.203, 0.177, -0.131
-0.395, -0.89, 0.042, -0.204, 0.182, -0.135
-0.395, -0.89, 0.042, -0.128, 0.182, -0.105
-0.396, -0.89, 0.042, 0.009, 0.062, 0.006
-0.396, -0.89, 0.042, -0.022, 0.089, 0.13
-0.395, -0.89, 0.042, 0.009, 0.15, 0.091
-0.396, -0.89, 0.042, 0.031, 0.12, 0.04
-0.396, -0.89, 0.042, -0.026, 0.039, 0.072
-0.396, -0.89, 0.042, -0.019, 0.026, -0.003
-0.396, -0.89, 0.042, -0.021, 0.01, 0.051
-0.396, -0.89, 0.041, 0.082, 0.116, 0.054
-0.396, -0.89, 0.042, -0.018, -0.082, 0.079
-0.396, -0.89, 0.042, 0.013, 0.044, 0.247
-0.396, -0.89, 0.042, 0.009, 0.07, 0.0
-0.396, -0.89, 0.041, 0.054, 0.097, 0.112
-0.396, -0.89, 0.041, 0.045, 0.14, -0.081
-0.396, -0.89, 0.041, 0.176, 0.2, -0.008
-0.396, -0.89, 0.041, 0.084, 0.079, 0.03
-0.396, -0.89, 0.041, 0.049, 0.079, 0.066
-0.396, -0.89, 0.041, 0.052, 0.056, 0.096
-0.396, -0.89, 0.041, 0.032, 0.067, 0.033
-0.396, -0.89, 0.041, 0.019, 0.054, 0.059
-0.396, -0.89, 0.041, 0.048, 0.083, 0.018
-0.396, -0.89, 0.041, 0.077, 0.076, 0.024
-0.396, -0.89, 0.041, 0.089, 0.065, 0.033
-0.396, -0.89, 0.041, 0.087, 0.088, 0.003
-0.396, -0.89, 0.041, 0.069, 0.103, 0.03
-0.396, -0.89, 0.041, 0.021, 0.037, 0.105
-0.396, -0.89, 0.041, 0.065, 0.056, 0.069
-0.396, -0.89, 0.041, 0.06, 0.094, 0.097
-0.396, -0.89, 0.041, 0.056, 0.08, 0.143
-0.396, -0.89, 0.041, 0.115, 0.132, 0.117
-0.396, -0.89, 0.041, 0.103, 0.123, 0.139
-0.396, -0.89, 0.042, 0.089, 0.116, 0.147
-0.396, -0.89, 0.041, 0.069, 0.089, 0.175
-0.396, -0.89, 0.041, 0.071, 0.119, 0.121
-0.396, -0.89, 0.041, -0.021, -0.011, -0.087
-0.396, -0.89, 0.041, 0.087, 0.063, 0.125
-0.396, -0.89, 0.041, 0.098, 0.048, 0.067
-0.396, -0.89, 0.041, 0.043, 0.017, -0.016
-0.396, -0.89, 0.041, 0.057, 0.05, -0.02
-0.396, -0.89, 0.041, 0.013, 0.075, 0.184
-0.396, -0.89, 0.042, -0.002, 0.081, 0.157
-0.396, -0.89, 0.041, 0.007, -0.018, -0.044
-0.396, -0.89, 0.041, 0.016, 0.021, -0.003
-0.396, -0.89, 0.041, 0.019, 0.016, 0.006
-0.396, -0.89, 0.041, 0.042, 0.012, -0.037
-0.396, -0.89, 0.041, 0.039, -0.043, 0.0
-0.396, -0.89, 0.042, -0.136, 0.181, -0.018
-0.395, -0.89, 0.042, -0.079, 0.16, -0.013
-0.395, -0.89, 0.042, -0.031, 0.16, 0.058
-0.396, -0.89, 0.041, 0.088, 0.15, -0.021
-0.396, -0.89, 0.041, 0.114, 0.166, 0.068
-0.396, -0.89, 0.041, 0.17, 0.136, 0.191
-0.396, -0.89, 0.041, 0.099, 0.13, 0.035
-0.396, -0.89, 0.041, 0.124, 0.059, 0.11
-0.396, -0.89, 0.041, 0.084, 0.021, 0.094
-0.396, -0.89, 0.041, 0.113, 0.015, 0.05
-0.396, -0.89, 0.041, 0.068, -0.028, 0.004
-0.396, -0.89, 0.041, 0.118, -0.048, 0.048
-0.396, -0.89, 0.041, 0.107, 0.003, -0.01
-0.396, -0.89, 0.041, 0.042, 0.007, 0.056
-0.396, -0.89, 0.041, 0.033, 0.013, 0.038
-0.396, -0.89, 0.041, 0.012, 0.008, -0.005
-0.396, -0.89, 0.041, 0.016, -0.009, 0.016
-0.396, -0.89, 0.041, 0.002, 0.0, -0.026
-0.396, -0.89, 0.041, 0.02, -0.009, -0.029
-0.396, -0.89, 0.041, -0.056, 0.023, -0.091
-0.396, -0.89, 0.041, -0.003, 0.065, -0.054
-0.396, -0.89, 0.041, 0.184, 0.023, -0.014
-0.396, -0.89, 0.041, 0.075, -0.037, -0.024
-0.396, -0.89, 0.041, -0.071, 0.019, -0.21
-0.396, -0.89, 0.041, 0.07, -0.002, -0.047
-0.396, -0.89, 0.041, -0.072, 0.026, -0.206
-0.396, -0.89, 0.041, -0.066, 0.038, -0.143
-0.396, -0.89, 0.041, -0.061, 0.054, -0.143
-0.396, -0.89, 0.041, -0.044, 0.083, -0.1
-0.396, -0.89, 0.041, -0.071, 0.071, -0.13
-0.396, -0.89, 0.041, 0.099, 0.012, 0.035
-0.396, -0.89, 0.041, -0.138, 0.088, -0.198
-0.396, -0.89, 0.041, -0.106, 0.057, -0.145
-0.396, -0.89, 0.041, -0.113, 0.101, -0.228
-0.396, -0.89, 0.041, -0.072, 0.295, -0.242
-0.396, -0.89, 0.041, -0.102, 0.036, -0.117
-0.396, -0.89, 0.041, -0.039, 0.066, -0.201
-0.396, -0.89, 0.041, -0.146, 0.081, -0.104
-0.396, -0.89, 0.041, -0.136, 0.071, 0.002
-0.396, -0.89, 0.041, -0.138, 0.079, -0.086
-0.396, -0.89, 0.041, -0.13, 0.105, -0.13
-0.396, -0.89, 0.041, -0.102, 0.078, -0.178
-0.396, -0.89, 0.041, -0.113, 0.061, -0.291
-0.396, -0.89, 0.041, -0.108, 0.024, -0.367
-0.396, -0.89, 0.041, -0.143, -0.008, -0.368
-0.396, -0.89, 0.041, -0.154, -0.019, -0.403
-0.396, -0.89, 0.041, -0.14, -0.15, -0.367
-0.396, -0.89, 0.041, 0.078, -0.028, -0.296
-0.396, -0.89, 0.041, -0.001, -0.11, -0.416
-0.396, -0.89, 0.041, 0.14, -0.087, -0.478
-0.396, -0.89, 0.041, 0.119, -0.029, 0.034
-0.396, -0.89, 0.041, 0.276, 0.063, 0.213
-0.396, -0.89, 0.041, 0.208, 0.036, 0.161
-0.396, -0.89, 0.041, -0.111, -0.107, -0.126
-0.396, -0.89, 0.041, -0.093, -0.015, -0.063
-0.396, -0.89, 0.041, -0.004, 0.05, 0.015
-0.396, -0.89, 0.041, 0.003, 0.109, 0.019
-0.396, -0.89, 0.041, -0.043, -0.005, -0.026
-0.396, -0.89, 0.041, -0.009, 0.001, 0.093
-0.396, -0.89, 0.041, -0.067, -0.035, 0.033
-0.396, -0.89, 0.041, -0.154, 0.004, -0.145
-0.396, -0.89, 0.041, -0.147, -0.018, -0.369
-0.396, -0.89, 0.041, -0.084, -0.045, -0.457
-0.396, -0.89, 0.041, -0.115, 0.051, -0.179
-0.396, -0.89, 0.041, 0.054, 0.259, -0.175
-0.396, -0.89, 0.041, -0.117, 0.114, -0.431
-0.396, -0.89, 0.041, -0.109, 0.049, -0.387
-0.396, -0.89, 0.041, -0.105, 0.016, -0.375
-0.396, -0.89, 0.041, -0.142, 0.02, -0.367
-0.396, -0.89, 0.041, -0.185, -0.02, -0.17
-0.396, -0.89, 0.041, -0.122, 0.017, -0.175
-0.396, -0.89, 0.042, -0.168, 0.065, -0.11
-0.396, -0.89, 0.041, -0.121, 0.051, -0.21
-0.395, -0.89, 0.041, 0.056, 0.164, -0.335
-0.396, -0.89, 0.041, -0.122, 0.022, -0.26
-0.396, -0.89, 0.041, -0.147, 0.056, -0.23
-0.396, -0.89, 0.041, -0.098, 0.006, -0.294
-0.396, -0.89, 0.041, -0.125, 0.023, -0.31
-0.396, -0.89, 0.041, -0.116, 0.017, -0.354
-0.396, -0.89, 0.041, -0.132, -0.206, -0.038
-0.396, -0.89, 0.041, -0.219, -0.09, -0.325
-0.396, -0.89, 0.041, -0.29, -0.32, -0.248
-0.396, -0.89, 0.041, -0.271, -0.05, -0.311
-0.396, -0.89, 0.041, -0.301, -0.294, -0.225
-0.396, -0.89, 0.041, -0.21, -0.272, -0.139
-0.396, -0.89, 0.041, 0.054, -0.098, -0.022
-0.395, -0.891, 0.041, 0.577, 0.345, 0.003
-0.395, -0.891, 0.041, 0.499, 0.344, 0.004
-0.395, -0.891, 0.041, 0.531, 0.32, 0.012
-0.395, -0.89, 0.041, 0.25, 0.161, -0.409
-0.396, -0.89, 0.041, 0.464, 0.06, -0.24
-0.396, -0.89, 0.041, 0.633, 0.11, -0.214
-0.396, -0.89, 0.04, 0.608, 0.209, -0.114
-0.395, -0.891, 0.04, 0.983, 0.41, -0.006
-0.396, -0.891, 0.04, 0.788, 0.324, 0.05
-0.395, -0.891, 0.04, 0.775, 0.276, 0.003
-0.395, -0.891, 0.04, 0.75, 0.244, -0.053
-0.395, -0.891, 0.04, 0.86, 0.25, -0.132
-0.395, -0.891, 0.041, 0.38, 0.465, 0.118
-0.395, -0.891, 0.04, 0.923, 0.357, 0.017
-0.395, -0.891, 0.04, 0.92, 0.349, -0.001
-0.395, -0.891, 0.04, 1.015, 0.452, 0.084
-0.395, -0.891, 0.04, 0.89, 0.366, 0.061
-0.395, -0.891, 0.04, 0.938, 0.395, 0.089
-0.395, -0.891, 0.041, 0.154, 0.261, 0.287
-0.395, -0.891, 0.041, 0.369, 0.33, 0.344
-0.395, -0.891, 0.041, 0.517, 0.426, 0.039
-0.395, -0.891, 0.041, 0.501, 0.397, 0.086
-0.395, -0.891, 0.041, 0.497, 0.397, 0.034
-0.395, -0.891, 0.041, 0.553, 0.45, 0.094
-0.395, -0.891, 0.041, 0.627, 0.315, 0.202
-0.395, -0.891, 0.041, 0.446, 0.355, 0.101
-0.395, -0.891, 0.041, 0.533, 0.407, -0.109
-0.395, -0.891, 0.04, 0.62, 0.288, -0.222
-0.396, -0.891, 0.041, 0.353, 0.284, -0.079
-0.396, -0.891, 0.041, 0.35, 0.391, -0.079
-0.395, -0.891, 0.041, 0.174, 0.251, -0.042
-0.395, -0.891, 0.041, 0.321, 0.298, -0.147
-0.395, -0.891, 0.041, 0.224, 0.314, 0.004
-0.395, -0.891, 0.041, 0.306, 0.403, -0.028
-0.395, -0.891, 0.041, 0.362, 0.421, 0.005
-0.395, -0.891, 0.041, 0.411, 0.328, 0.035
-0.395, -0.891, 0.041, 0.448, 0.467, 0.096
-0.395, -0.891, 0.041, 0.262, 0.475, 0.193
-0.395, -0.891, 0.041, 0.288, 0.463, 0.075
-0.396, -0.891, 0.04, 0.422, 0.237, -0.154
-0.396, -0.891, 0.04, 0.441, 0.29, -0.232
-0.396, -0.891, 0.04, 0.289, 0.342, -0.34
-0.396, -0.891, 0.041, 0.486, 0.33, 0.186
-0.396, -0.891, 0.041, 0.333, 0.378, 0.143
-0.395, -0.891, 0.041, 0.336, 0.475, 0.229
-0.395, -0.891, 0.041, 0.15, 0.285, 0.066
-0.396, -0.891, 0.041, 0.458, 0.349, 0.207
-0.396, -0.891, 0.04, 0.557, 0.326, -0.071
-0.396, -0.891, 0.041, 0.25, 0.293, -0.072
-0.396, -0.891, 0.041, 0.169, 0.301, 0.102
-0.395, -0.891, 0.04, 0.657, 0.477, 0.054
-0.395, -0.891, 0.04, 0.741, 0.415, 0.029
-0.395, -0.891, 0.041, 0.407, 0.395, 0.083
-0.395, -0.891, 0.04, 0.733, 0.452, 0.07
-0.395, -0.891, 0.041, 0.38, 0.413, 0.294
-0.395, -0.891, 0.041, 0.487, 0.481, 0.413
-0.395, -0.891, 0.041, 0.235, 0.447, 0.11
-0.395, -0.891, 0.041, 0.321, 0.481, 0.089
-0.395, -0.891, 0.041, 0.486, 0.526, 0.207
-0.395, -0.891, 0.041, 0.197, 0.467, 0.088
-0.395, -0.891, 0.041, 0.126, 0.458, -0.059
-0.396, -0.891, 0.041, 0.073, 0.4, -0.019
-0.396, -0.891, 0.041, 0.223, 0.492, -0.264
-0.396, -0.891, 0.041, 0.147, 0.472, 0.138
-0.396, -0.891, 0.041, 0.083, 0.479, -0.038
-0.396, -0.891, 0.041, 0.039, 0.471, 0.104
-0.396, -0.891, 0.041, 0.289, 0.691, 0.143
-0.396, -0.891, 0.042, 0.287, 0.566, 0.455
-0.396, -0.891, 0.041, 0.138, 0.504, 0.137
-0.396, -0.891, 0.041, 0.591, 0.514, 0.028
-0.396, -0.891, 0.041, 0.527, 0.54, -0.02
-0.396, -0.891, 0.041, 0.451, 0.545, 0.172
-0.396, -0.891, 0.041, 0.53, 0.595, 0.26
-0.396, -0.891, 0.041, 0.683, 0.45, 0.544
-0.396, -0.891, 0.042, 0.566, 0.72, 1.108
-0.396, -0.891, 0.043, 0.47, 0.636, 1.149
-0.396, -0.891, 0.043, 0.265, 0.385, 1.174
-0.396, -0.891, 0.044, 0.571, 0.662, 1.867
-0.397, -0.891, 0.044, 0.581, 0.591, 1.974
-0.397, -0.891, 0.046, 0.197, 0.691, 2.59
-0.398, -0.891, 0.045, 0.596, 0.371, 2.976
-0.398, -0.891, 0.047, 0.469, 0.334, 3.51
-0.399, -0.891, 0.048, 0.641, 0.321, 4.575
-0.399, -0.89, 0.05, 0.471, 0.241, 5.573
-0.4, -0.89, 0.052, 0.391, 0.297, 6.885
-0.401, -0.89, 0.053, 0.447, -0.178, 7.759
-0.401, -0.89, 0.055, 0.815, 0.117, 9.113
-0.401, -0.891, 0.058, 0.481, 0.199, 10.311
-0.402, -0.891, 0.06, 0.748, 0.146, 11.551
-0.403, -0.891, 0.062, 0.652, 0.214, 12.913
-0.403, -0.891, 0.064, 0.962, 0.289, 14.156
-0.404, -0.892, 0.066, 0.796, 0.215, 15.321
-0.405, -0.892, 0.068, 0.716, 0.21, 16.432
-0.406, -0.892, 0.07, 1.092, 0.079, 17.569
-0.406, -0.893, 0.072, 0.645, 0.09, 17.988
-0.407, -0.893, 0.075, 0.468, -0.139, 19.636
-0.407, -0.894, 0.077, -0.154, -0.037, 20.152
-0.407, -0.895, 0.081, -0.638, -0.271, 20.937
-0.407, -0.896, 0.084, -1.217, -0.335, 21.506
-0.408, -0.896, 0.087, -1.983, -0.622, 22.224
-0.408, -0.897, 0.091, -2.98, -0.853, 23.193
-0.408, -0.897, 0.095, -3.71, -0.921, 23.403
-0.409, -0.899, 0.099, -4.47, -1.133, 23.964
-0.408, -0.898, 0.104, -5.857, -1.008, 24.61
-0.408, -0.9, 0.108, -7.157, -1.014, 24.936
-0.409, -0.9, 0.114, -8.402, -1.065, 25.48
-0.408, -0.901, 0.119, -9.12, -1.21, 25.324
-0.408, -0.903, 0.125, -10.325, -1.253, 25.852
-0.409, -0.904, 0.131, -12.273, -2.142, 25.676
-0.408, -0.906, 0.138, -12.861, -1.628, 26.731
-0.408, -0.907, 0.144, -13.432, -1.567, 26.889
-0.407, -0.908, 0.15, -13.788, -2.086, 26.48
-0.406, -0.909, 0.158, -14.919, -2.063, 26.866
-0.405, -0.911, 0.165, -15.356, -2.608, 26.121
-0.404, -0.913, 0.172, -15.705, -2.792, 26.349
-0.404, -0.915, 0.18, -15.664, -3.031, 26.329
-0.403, -0.916, 0.187, -15.392, -3.236, 26.518
-0.402, -0.918, 0.195, -15.136, -3.355, 26.901
-0.402, -0.92, 0.204, -15.018, -3.905, 26.305
-0.401, -0.921, 0.212, -14.978, -4.223, 26.64
-0.4, -0.923, 0.219, -14.424, -4.902, 25.993
-0.399, -0.925, 0.229, -13.967, -5.234, 26.547
-0.399, -0.926, 0.237, -13.396, -5.797, 26.687
-0.399, -0.928, 0.246, -13.46, -5.64, 26.811
-0.398, -0.929, 0.254, -13.033, -6.312, 26.256
-0.398, -0.93, 0.264, -13.173, -6.212, 26.316
-0.397, -0.932, 0.274, -13.079, -6.515, 26.287
-0.397, -0.934, 0.284, -12.977, -6.4, 26.052
-0.396, -0.935, 0.293, -12.283, -6.673, 25.681
-0.396, -0.936, 0.303, -12.388, -6.566, 25.851
-0.396, -0.938, 0.313, -12.294, -6.414, 25.766
-0.395, -0.938, 0.324, -12.092, -6.831, 24.981
-0.395, -0.94, 0.334, -11.914, -6.607, 24.958
-0.395, -0.941, 0.344, -11.91, -6.738, 24.338
-0.395, -0.943, 0.354, -11.644, -6.59, 24.357
-0.395, -0.944, 0.365, -11.764, -6.713, 23.953
-0.395, -0.945, 0.376, -11.557, -6.823, 23.686
-0.395, -0.946, 0.387, -11.231, -6.978, 23.319
-0.395, -0.947, 0.397, -11.056, -7.043, 23.336
-0.395, -0.948, 0.409, -10.958, -7.152, 22.98
-0.395, -0.95, 0.419, -10.561, -6.966, 22.878
-0.396, -0.951, 0.431, -10.246, -7.269, 22.353
-0.396, -0.952, 0.443, -10.404, -7.234, 22.042
-0.396, -0.953, 0.453, -9.499, -7.617, 20.922
-0.397, -0.953, 0.465, -9.726, -7.871, 20.926
-0.398, -0.954, 0.477, -9.562, -7.843, 20.506
-0.399, -0.955, 0.489, -9.122, -8.172, 20.46
-0.398, -0.955, 0.5, -9.082, -8.456, 19.245
-0.399, -0.955, 0.512, -9.032, -8.529, 18.997
-0.398, -0.956, 0.526, -8.399, -8.805, 18.676
-0.4, -0.956, 0.538, -8.543, -8.757, 18.101
-0.4, -0.957, 0.55, -8.342, -8.502, 17.853
-0.401, -0.959, 0.562, -8.281, -8.419, 17.378
-0.402, -0.958, 0.576, -8.419, -8.598, 16.936
-0.403, -0.958, 0.589, -8.372, -8.832, 16.394
-0.403, -0.958, 0.602, -8.53, -9.038, 15.802
-0.404, -0.958, 0.615, -8.561, -9.283, 15.031
-0.405, -0.958, 0.629, -8.725, -9.535, 14.949
-0.405, -0.958, 0.641, -8.968, -9.377, 14.281
-0.406, -0.958, 0.653, -8.648, -9.059, 13.004
-0.407, -0.957, 0.667, -8.925, -9.382, 12.82
-0.407, -0.957, 0.68, -9.272, -9.273, 12.955
-0.408, -0.956, 0.694, -9.57, -9.191, 12.062
-0.409, -0.956, 0.707, -9.678, -8.955, 11.907
-0.409, -0.956, 0.72, -10.028, -9.087, 11.58
-0.41, -0.955, 0.733, -10.21, -9.111, 11.313
-0.411, -0.954, 0.746, -10.123, -9.045, 11.297
-0.411, -0.953, 0.758, -10.139, -8.911, 10.736
-0.411, -0.953, 0.771, -9.947, -8.682, 10.229
-0.411, -0.952, 0.783, -10.048, -8.88, 10.102
-0.412, -0.952, 0.796, -9.633, -8.606, 9.711
-0.412, -0.951, 0.809, -9.281, -8.391, 9.189
-0.413, -0.95, 0.821, -9.25, -8.379, 9.113
-0.413, -0.949, 0.833, -9.428, -8.447, 8.892
-0.414, -0.948, 0.845, -9.176, -8.471, 9.043
-0.415, -0.948, 0.858, -9.368, -8.254, 9.08
-0.415, -0.947, 0.869, -9.289, -8.327, 8.623
-0.415, -0.947, 0.881, -9.236, -8.125, 8.567
-0.415, -0.945, 0.893, -8.353, -8.148, 7.694
-0.416, -0.945, 0.906, -9.272, -7.796, 8.191
-0.417, -0.944, 0.917, -8.477, -7.632, 7.503
-0.418, -0.944, 0.929, -8.381, -7.332, 7.331
-0.418, -0.942, 0.941, -8.633, -7.533, 7.222
-0.419, -0.941, 0.952, -8.411, -7.291, 6.664
-0.419, -0.94, 0.963, -8.242, -6.969, 6.777
-0.419, -0.938, 0.974, -8.522, -7.022, 5.875
-0.42, -0.937, 0.985, -7.923, -6.545, 6.2
-0.42, -0.937, 0.996, -7.926, -6.469, 5.814
-0.42, -0.936, 1.007, -7.22, -5.864, 6.004
-0.421, -0.934, 1.017, -7.941, -6.092, 5.503
-0.421, -0.934, 1.029, -7.304, -5.729, 5.966
-0.421, -0.933, 1.04, -7.645, -5.422, 6.202
-0.421, -0.931, 1.05, -7.174, -4.99, 5.75
-0.421, -0.931, 1.06, -6.723, -5.24, 5.635
-0.421, -0.929, 1.069, -7.092, -5.322, 4.8
-0.422, -0.929, 1.08, -6.524, -5.07, 5.367
-0.421, -0.927, 1.089, -6.638, -5.3, 4.478
-0.421, -0.925, 1.099, -6.423, -5.352, 4.046
-0.422, -0.925, 1.109, -6.078, -5.16, 3.862
-0.422, -0.925, 1.119, -6.171, -4.687, 4.384
-0.422, -0.925, 1.128, -5.703, -4.365, 4.434
-0.422, -0.923, 1.137, -5.225, -4.466, 4.24
-0.421, -0.922, 1.146, -4.618, -4.164, 4.421
-0.421, -0.919, 1.153, -4.107, -4.816, 3.004
-0.421, -0.919, 1.161, -3.747, -4.769, 2.424
-0.422, -0.919, 1.171, -3.166, -4.24, 3.955
-0.421, -0.918, 1.179, -3.554, -3.863, 3.846
-0.421, -0.918, 1.187, -2.385, -4.023, 3.64
-0.421, -0.918, 1.197, -4.558, -4.117, 4.985
-0.42, -0.916, 1.202, -1.64, -4.054, 2.996
-0.42, -0.915, 1.208, -1.561, -4.117, 2.634
-0.417, -0.915, 1.215, -9.935, -5.765, 13.208
-0.419, -0.913, 1.223, -0.508, -4.345, 2.092
-0.418, -0.912, 1.229, -0.232, -4.402, 1.628
-0.418, -0.911, 1.236, 0.021, -4.473, 1.733
-0.418, -0.909, 1.242, 0.305, -4.458, 1.266
-0.418, -0.907, 1.246, 1.188, -5.252, -0.059
-0.416, -0.907, 1.253, 0.828, -4.451, 0.118
-0.416, -0.906, 1.258, 0.988, -4.542, 0.018
-0.415, -0.905, 1.263, 1.223, -4.504, -0.545
-0.416, -0.904, 1.268, 1.372, -4.435, -0.843
-0.414, -0.902, 1.273, 1.484, -4.488, -1.342
-0.414, -0.901, 1.278, 1.387, -4.441, -1.446
-0.413, -0.9, 1.281, 1.648, -4.299, -1.966
-0.412, -0.896, 1.283, 1.994, -4.877, -3.584
-0.412, -0.895, 1.287, 2.111, -4.869, -3.411
-0.411, -0.895, 1.291, 1.735, -4.113, -2.764
-0.411, -0.894, 1.295, 1.838, -3.984, -3.136
-0.41, -0.893, 1.297, 1.791, -3.936, -3.322
-0.41, -0.891, 1.3, 1.849, -3.807, -3.296
-0.41, -0.89, 1.303, 2.074, -3.772, -3.383
-0.409, -0.887, 1.306, 1.846, -3.87, -3.818
-0.408, -0.886, 1.308, 2.262, -3.696, -4.047
-0.407, -0.884, 1.309, 2.186, -3.624, -4.25
-0.407, -0.883, 1.31, 2.224, -3.667, -4.392
-0.407, -0.882, 1.311, 2.543, -3.776, -4.48
-0.407, -0.881, 1.313, 2.622, -3.789, -4.496
-0.407, -0.879, 1.313, 2.735, -3.844, -4.637
-0.406, -0.878, 1.313, 2.821, -4.001, -4.798
-0.406, -0.875, 1.314, 2.191, -4.221, -4.596
-0.406, -0.873, 1.315, 2.353, -3.982, -4.561
-0.406, -0.872, 1.315, 2.026, -4.105, -4.45
-0.405, -0.871, 1.315, 2.304, -3.995, -4.35
-0.405, -0.87, 1.315, 2.101, -3.905, -4.158
-0.405, -0.868, 1.315, 1.956, -3.866, -4.09
-0.405, -0.867, 1.315, 1.681, -3.842, -3.95
-0.406, -0.866, 1.315, 1.779, -3.919, -3.778
-0.405, -0.864, 1.315, 1.564, -3.812, -3.933
-0.404, -0.866, 1.314, -0.718, -3.276, -2.045
-0.405, -0.862, 1.315, 1.178, -3.588, -4.079
-0.405, -0.86, 1.317, -0.807, -3.194, -3.043
-0.404, -0.859, 1.315, 1.087, -3.332, -4.314
-0.404, -0.858, 1.315, 1.027, -3.105, -4.353
-0.403, -0.857, 1.318, -0.912, -3.084, -3.441
-0.403, -0.857, 1.318, -1.19, -3.037, -5.836
-0.402, -0.855, 1.316, 1.09, -2.509, -4.593
-0.402, -0.854, 1.316, 1.121, -2.334, -4.689
-0.401, -0.852, 1.316, 1.209, -2.246, -4.837
-0.4, -0.852, 1.317, 1.154, -1.947, -4.537
-0.4, -0.852, 1.316, 0.544, -1.386, -4.207
-0.399, -0.849, 1.316, 1.272, -1.78, -4.733
-0.4, -0.85, 1.317, -0.01, -1.698, -4.303
-0.398, -0.848, 1.317, 1.372, -1.478, -4.484
-0.397, -0.847, 1.317, 1.357, -1.277, -4.458
-0.396, -0.845, 1.319, -0.222, -1.225, -3.458
-0.395, -0.844, 1.318, 1.604, -1.183, -4.611
-0.395, -0.841, 1.317, 1.839, -1.791, -5.014
-0.393, -0.84, 1.317, 1.964, -1.689, -5.232
-0.392, -0.841, 1.319, 0.774, -0.972, -4.264
-0.391, -0.841, 1.318, 1.995, -0.86, -4.723
-0.39, -0.84, 1.318, 2.043, -0.774, -4.828
-0.389, -0.838, 1.32, 0.551, -0.836, -3.85
-0.387, -0.838, 1.32, 0.664, -0.423, -4.09
-0.386, -0.838, 1.32, 0.908, -0.945, -4.559
-0.385, -0.837, 1.318, 2.284, -0.935, -5.354
-0.384, -0.834, 1.318, 2.427, -1.57, -5.707
-0.382, -0.834, 1.318, 2.432, -1.619, -6.1
-0.381, -0.836, 1.318, 2.136, -0.842, -5.685
-0.379, -0.835, 1.318, 2.305, -1.048, -5.955
-0.378, -0.834, 1.318, 2.303, -1.109, -5.996
-0.376, -0.835, 1.32, 0.73, -1.98, -5.216
-0.375, -0.834, 1.318, 2.155, -0.914, -6.068
-0.374, -0.833, 1.318, 2.087, -1.14, -6.003
-0.371, -0.832, 1.318, 2.087, -1.34, -6.305
-0.37, -0.83, 1.317, 2.07, -1.843, -7.474
-0.369, -0.829, 1.317, 1.923, -2.032, -7.433
-0.366, -0.829, 1.317, 1.764, -1.895, -7.929
-0.365, -0.829, 1.317, 1.708, -1.795, -8.522
-0.362, -0.831, 1.319, 0.878, -1.311, -7.118
-0.361, -0.83, 1.318, 1.576, -1.164, -7.503
-0.359, -0.829, 1.318, 1.643, -0.997, -7.793
-0.356, -0.829, 1.318, 1.645, -0.72, -7.951
-0.353, -0.83, 1.32, -0.074, -0.255, -8.896
-0.35, -0.83, 1.32, 0.075, 0.098, -9.027
-0.348, -0.829, 1.319, 0.143, 0.153, -9.518
-0.346, -0.828, 1.319, 0.941, -0.024, -8.937
-0.343, -0.825, 1.317, 1.256, -0.489, -11.044
-0.34, -0.825, 1.317, 1.019, -0.331, -11.336
-0.337, -0.824, 1.317, 0.906, -0.048, -11.594
-0.334, -0.825, 1.319, 0.939, 0.503, -9.988
-0.33, -0.825, 1.318, 0.188, 1.127, -10.882
-0.327, -0.823, 1.319, 0.479, 0.914, -11.281
-0.323, -0.824, 1.319, 0.062, 1.587, -11.897
-0.319, -0.821, 1.317, 0.303, 1.092, -13.306
-0.314, -0.819, 1.317, 0.424, 0.41, -13.775
-0.311, -0.82, 1.317, 0.055, 1.44, -13.938
-0.307, -0.819, 1.317, -0.004, 1.55, -14.088
-0.303, -0.819, 1.317, -0.018, 1.581, -14.145
-0.298, -0.819, 1.316, -0.032, 1.648, -14.448
-0.293, -0.818, 1.316, -0.008, 1.681, -15.066
-0.288, -0.817, 1.316, -0.04, 1.558, -15.201
-0.283, -0.817, 1.315, 0.003, 1.579, -15.625
-0.278, -0.817, 1.315, 0.031, 1.537, -15.915
-0.272, -0.816, 1.315, 0.137, 1.322, -16.253
-0.267, -0.818, 1.315, 0.246, 1.842, -15.662
-0.261, -0.817, 1.315, 0.332, 1.588, -15.848
-0.255, -0.817, 1.314, 0.318, 1.605, -15.928
-0.248, -0.816, 1.313, 0.529, 1.537, -16.334
-0.242, -0.816, 1.313, 0.55, 1.307, -16.314
-0.236, -0.814, 1.311, 0.596, 0.876, -17.041
-0.23, -0.814, 1.311, 0.583, 0.636, -17.169
-0.224, -0.813, 1.311, 0.598, 0.436, -17.652
-0.216, -0.814, 1.31, 0.321, 0.765, -16.787
-0.209, -0.813, 1.309, 0.227, 0.518, -16.849
-0.202, -0.812, 1.308, 0.218, 0.358, -16.88
-0.194, -0.812, 1.307, 0.044, 0.413, -16.663
-0.186, -0.812, 1.306, -0.234, 0.612, -17.125
-0.18, -0.81, 1.305, -0.144, -0.014, -16.332
-0.17, -0.811, 1.304, -0.369, 0.236, -17.294
-0.163, -0.811, 1.302, -0.792, 0.138, -16.855
-0.156, -0.81, 1.302, -1.766, -0.725, -18.09
-0.147, -0.809, 1.299, -0.744, 0.046, -16.962
-0.139, -0.809, 1.299, -1.14, -0.549, -17.728
-0.131, -0.808, 1.297, -1.003, -0.49, -17.384
-0.122, -0.806, 1.295, -0.28, -0.452, -16.412
-0.097, -0.804, 1.289, 0.38, -0.818, -16.067
-0.088, -0.804, 1.287, 0.575, -0.705, -15.701
-0.079, -0.803, 1.285, 0.846, -0.98, -15.544
-0.072, -0.801, 1.281, 1.742, -1.847, -16.731
-0.062, -0.8, 1.279, 2.004, -1.959, -16.588
-0.053, -0.799, 1.278, 2.239, -2.069, -16.305
-0.044, -0.798, 1.275, 2.495, -2.273, -16.116
-0.035, -0.797, 1.274, 2.798, -2.463, -15.748
-0.025, -0.796, 1.272, 3.102, -2.714, -15.461
-0.015, -0.795, 1.27, 3.645, -2.865, -14.423
-0.007, -0.794, 1.267, 3.161, -3.103, -15.052
0.002, -0.793, 1.266, 3.306, -3.2, -14.753
0.012, -0.792, 1.264, 3.341, -3.476, -14.523
0.021, -0.791, 1.262, 3.428, -3.771, -14.211
0.032, -0.791, 1.262, 2.905, -3.436, -12.074
0.042, -0.789, 1.259, 2.959, -3.835, -12.293
0.052, -0.788, 1.258, 2.959, -4.069, -11.995
0.091, -0.781, 1.25, 2.448, -5.194, -10.559
0.102, -0.779, 1.248, 2.556, -5.269, -9.996
0.111, -0.779, 1.246, 2.477, -5.286, -9.741
0.121, -0.777, 1.245, 2.669, -5.386, -9.148
0.132, -0.776, 1.242, 2.092, -5.522, -9.055
0.143, -0.775, 1.241, 1.233, -5.292, -9.491
0.15, -0.772, 1.238, 2.586, -6.686, -8.938
0.16, -0.77, 1.236, 2.495, -6.86, -8.518
0.17, -0.769, 1.234, 2.578, -7.088, -8.633
0.18, -0.768, 1.232, 2.409, -7.381, -8.323
0.19, -0.766, 1.233, 2.116, -7.466, -6.144
0.2, -0.765, 1.232, 2.145, -7.625, -5.824
0.21, -0.764, 1.23, 2.175, -8.111, -5.535
0.219, -0.762, 1.228, 2.261, -8.321, -5.461
0.228, -0.761, 1.226, 2.734, -9.0, -6.362
0.238, -0.759, 1.224, 2.426, -9.292, -6.449
0.247, -0.759, 1.223, 2.311, -9.639, -5.896
0.257, -0.757, 1.222, 2.804, -10.146, -5.906
0.267, -0.756, 1.22, 2.381, -10.413, -5.926
0.276, -0.755, 1.219, 2.44, -10.806, -5.467
0.286, -0.754, 1.218, 2.584, -11.208, -5.548
0.295, -0.753, 1.218, 2.515, -11.188, -5.169
0.304, -0.752, 1.217, 2.6, -11.588, -4.824
0.313, -0.751, 1.216, 2.728, -11.831, -4.579
0.322, -0.75, 1.216, 2.871, -12.372, -4.07
0.332, -0.75, 1.216, 2.895, -12.27, -4.39
0.341, -0.749, 1.216, 2.954, -12.535, -3.979
0.35, -0.748, 1.215, 3.129, -12.766, -4.208
0.358, -0.747, 1.215, 3.347, -13.043, -3.912
0.368, -0.746, 1.215, 4.0, -13.195, -3.786
0.376, -0.745, 1.214, 3.663, -13.22, -4.413
0.385, -0.744, 1.214, 3.856, -13.552, -3.99
0.394, -0.744, 1.214, 4.441, -13.745, -3.564
0.402, -0.743, 1.215, 4.229, -13.976, -3.438
0.411, -0.742, 1.215, 4.491, -13.949, -3.29
0.421, -0.742, 1.215, 3.952, -13.914, -3.157
0.429, -0.741, 1.215, 4.068, -14.098, -3.129
0.437, -0.74, 1.215, 4.477, -14.67, -2.895
0.445, -0.74, 1.215, 4.338, -14.578, -3.057
0.453, -0.737, 1.213, 4.605, -15.257, -4.111
0.461, -0.737, 1.214, 4.579, -15.412, -3.351
0.469, -0.736, 1.213, 4.557, -15.666, -3.96
0.477, -0.736, 1.213, 5.122, -15.846, -3.14
0.485, -0.735, 1.214, 4.768, -16.05, -3.125
0.492, -0.733, 1.213, 4.263, -16.183, -3.938
0.5, -0.733, 1.213, 4.343, -16.415, -3.742
0.507, -0.732, 1.212, 4.295, -16.607, -3.442
0.515, -0.732, 1.212, 4.265, -16.857, -3.42
0.523, -0.731, 1.212, 4.177, -17.101, -3.181
0.53, -0.73, 1.212, 4.104, -17.266, -2.97
0.538, -0.729, 1.212, 4.13, -17.5, -3.18
0.545, -0.729, 1.212, 4.088, -17.712, -3.12
0.552, -0.728, 1.212, 4.081, -17.855, -2.962
0.559, -0.727, 1.212, 4.13, -18.025, -2.766
0.566, -0.727, 1.212, 4.222, -18.198, -2.729
0.573, -0.726, 1.213, 4.245, -18.279, -2.633
0.58, -0.725, 1.212, 4.318, -18.334, -2.657
0.587, -0.725, 1.213, 4.469, -18.459, -2.823
0.594, -0.724, 1.213, 4.476, -18.449, -2.942
0.6, -0.723, 1.213, 4.514, -18.488, -2.996
0.607, -0.723, 1.214, 4.589, -18.517, -2.836
0.613, -0.722, 1.214, 4.777, -18.472, -3.171
0.619, -0.721, 1.214, 4.796, -18.527, -3.057
0.625, -0.72, 1.214, 4.736, -18.576, -3.147
0.631, -0.719, 1.214, 4.836, -18.653, -3.432
0.637, -0.718, 1.214, 4.938, -18.734, -3.653
0.643, -0.717, 1.214, 4.764, -18.784, -3.513
0.648, -0.716, 1.214, 4.591, -19.042, -3.188
0.653, -0.716, 1.214, 4.624, -19.155, -3.179
0.658, -0.715, 1.214, 4.49, -19.258, -2.973
0.664, -0.713, 1.214, 4.477, -19.503, -2.875
0.669, -0.712, 1.214, 4.479, -19.782, -2.663
0.673, -0.711, 1.214, 4.533, -19.957, -2.838
0.678, -0.71, 1.214, 4.582, -20.394, -2.711
0.683, -0.709, 1.214, 4.45, -20.588, -2.311
0.687, -0.708, 1.214, 4.51, -20.875, -2.233
0.691, -0.707, 1.214, 4.566, -21.153, -1.938
0.695, -0.706, 1.214, 4.777, -21.464, -2.033
0.699, -0.705, 1.214, 5.01, -21.769, -1.642
0.704, -0.704, 1.214, 5.465, -22.025, -1.814
0.707, -0.702, 1.215, 6.049, -22.423, -1.579
0.711, -0.701, 1.215, 6.405, -22.637, -1.411
0.715, -0.702, 1.217, 6.838, -22.763, -0.628
0.719, -0.7, 1.217, 7.526, -23.104, -0.655
0.722, -0.698, 1.217, 7.689, -23.544, -0.257
0.726, -0.697, 1.218, 8.28, -23.805, -0.779
0.728, -0.696, 1.218, 8.656, -23.932, -1.111
0.732, -0.693, 1.217, 9.055, -24.283, -1.796
0.735, -0.692, 1.218, 9.381, -24.53, -1.843
0.738, -0.691, 1.218, 9.787, -24.771, -1.879
0.741, -0.69, 1.22, 10.496, -24.79, -1.495
0.743, -0.688, 1.219, 10.703, -24.978, -2.178
0.746, -0.688, 1.221, 11.438, -25.12, -1.662
0.748, -0.685, 1.221, 11.799, -25.023, -2.385
0.75, -0.684, 1.221, 12.564, -25.229, -2.626
0.752, -0.683, 1.222, 13.7, -25.269, -2.988
0.755, -0.682, 1.224, 13.892, -25.213, -0.965
0.757, -0.68, 1.224, 14.887, -25.259, -1.803
0.759, -0.679, 1.224, 16.397, -25.211, -2.735
0.761, -0.677, 1.225, 17.462, -25.35, -2.691
0.763, -0.676, 1.225, 18.902, -24.948, -2.987
0.765, -0.675, 1.226, 20.342, -25.393, -3.374
0.766, -0.673, 1.226, 21.425, -25.246, -3.731
0.767, -0.671, 1.226, 23.008, -25.575, -4.405
0.77, -0.669, 1.227, 24.517, -25.344, -3.572
0.771, -0.667, 1.228, 25.73, -25.359, -3.466
0.773, -0.665, 1.228, 27.691, -25.052, -4.289
0.774, -0.663, 1.229, 29.27, -25.115, -4.335
0.775, -0.661, 1.23, 30.453, -25.392, -3.467
0.777, -0.658, 1.23, 32.385, -25.08, -4.499
0.778, -0.655, 1.231, 33.76, -24.566, -4.757
0.78, -0.652, 1.231, 35.751, -24.574, -4.639
0.781, -0.65, 1.23, 36.798, -23.848, -5.949
0.781, -0.647, 1.231, 38.183, -23.673, -6.051
0.782, -0.644, 1.231, 39.099, -23.669, -6.0
0.783, -0.64, 1.233, 39.063, -23.487, -5.618
0.784, -0.637, 1.233, 40.399, -23.13, -6.166
0.784, -0.633, 1.233, 40.098, -23.222, -6.055
0.785, -0.629, 1.234, 41.177, -22.761, -6.527
0.785, -0.626, 1.233, 41.258, -22.311, -6.77
0.785, -0.622, 1.233, 41.401, -21.771, -7.161
0.784, -0.618, 1.233, 42.077, -20.682, -7.528
0.784, -0.614, 1.233, 41.375, -21.136, -7.496
0.785, -0.611, 1.232, 41.53, -20.732, -7.853
0.784, -0.607, 1.232, 41.422, -20.285, -7.761
0.784, -0.603, 1.232, 41.033, -19.984, -7.694
0.784, -0.599, 1.231, 40.917, -19.438, -7.81
0.783, -0.595, 1.231, 40.532, -19.27, -7.851
0.783, -0.59, 1.231, 40.262, -18.807, -7.837
0.782, -0.586, 1.231, 39.961, -18.264, -7.901
0.782, -0.582, 1.231, 39.896, -17.993, -7.921
0.781, -0.578, 1.23, 39.673, -17.908, -7.617
0.78, -0.573, 1.23, 39.429, -17.605, -7.653
0.779, -0.569, 1.23, 39.476, -16.98, -7.81
0.779, -0.565, 1.23, 39.522, -16.866, -7.473
0.777, -0.56, 1.229, 39.436, -16.83, -7.368
0.776, -0.556, 1.229, 39.181, -16.249, -7.43
0.775, -0.551, 1.228, 39.302, -16.043, -7.282
0.774, -0.547, 1.228, 39.51, -16.036, -7.099
0.773, -0.542, 1.227, 39.297, -15.471, -7.09
0.772, -0.537, 1.227, 39.366, -15.383, -6.679
0.77, -0.532, 1.227, 39.191, -15.329, -6.335
0.769, -0.527, 1.226, 39.183, -14.869, -6.122
0.767, -0.522, 1.225, 39.422, -14.951, -5.744
0.765, -0.516, 1.224, 38.677, -14.166, -5.967
0.764, -0.511, 1.224, 38.813, -14.183, -5.502
0.763, -0.505, 1.224, 38.771, -14.373, -5.027
0.761, -0.499, 1.222, 38.399, -13.942, -5.034
0.759, -0.493, 1.221, 38.025, -13.394, -4.839
0.758, -0.485, 1.222, 37.472, -13.595, -4.185
0.755, -0.479, 1.22, 36.915, -13.258, -4.013
0.754, -0.473, 1.218, 37.004, -12.918, -4.497
0.751, -0.466, 1.217, 36.61, -12.704, -4.031
0.75, -0.46, 1.216, 36.357, -12.127, -4.241
0.748, -0.453, 1.216, 35.807, -12.475, -3.107
0.746, -0.445, 1.213, 35.576, -12.018, -3.575
0.743, -0.438, 1.211, 34.81, -11.431, -4.195
0.741, -0.431, 1.211, 35.178, -11.72, -3.121
0.739, -0.424, 1.209, 34.739, -11.697, -2.754
0.738, -0.416, 1.208, 34.474, -11.45, -2.748
0.735, -0.408, 1.206, 33.796, -11.451, -2.815
0.733, -0.401, 1.204, 34.578, -11.526, -2.506
0.731, -0.394, 1.202, 33.552, -11.405, -2.474
0.729, -0.386, 1.201, 33.167, -11.536, -2.013
0.726, -0.378, 1.199, 33.542, -11.396, -1.786
0.724, -0.369, 1.196, 32.13, -11.14, -3.282
0.721, -0.361, 1.194, 32.09, -11.126, -3.327
0.72, -0.353, 1.194, 32.05, -11.249, -2.782
0.717, -0.345, 1.192, 31.652, -11.327, -3.04
0.715, -0.336, 1.19, 30.964, -11.409, -3.024
0.712, -0.327, 1.187, 30.538, -11.149, -3.742
0.71, -0.319, 1.186, 30.255, -11.372, -2.938
0.708, -0.312, 1.184, 30.157, -11.303, -3.297
0.705, -0.303, 1.182, 29.887, -11.004, -3.289
0.702, -0.294, 1.179, 29.134, -10.762, -3.732
0.701, -0.287, 1.178, 29.091, -10.838, -3.179
0.699, -0.279, 1.176, 28.55, -10.423, -3.288
0.697, -0.271, 1.174, 28.224, -10.658, -3.103
0.694, -0.263, 1.171, 27.802, -10.396, -3.086
0.692, -0.254, 1.169, 27.555, -10.388, -2.606
0.69, -0.247, 1.167, 27.174, -10.159, -2.838
0.688, -0.239, 1.165, 27.093, -9.84, -2.205
0.687, -0.23, 1.162, 26.582, -9.394, -2.853
0.684, -0.223, 1.161, 26.298, -9.567, -2.375
0.683, -0.216, 1.159, 26.399, -9.179, -1.845
0.681, -0.208, 1.157, 25.786, -8.636, -1.991
0.679, -0.2, 1.155, 25.301, -8.53, -2.297
0.677, -0.192, 1.153, 24.894, -8.088, -2.287
0.676, -0.185, 1.151, 24.504, -7.72, -2.341
0.674, -0.178, 1.149, 23.924, -7.395, -2.399
0.673, -0.171, 1.149, 23.749, -7.355, -1.555
0.671, -0.164, 1.147, 23.178, -7.09, -1.705
0.669, -0.158, 1.145, 22.488, -7.119, -1.742
0.668, -0.151, 1.142, 22.008, -6.832, -1.444
0.666, -0.143, 1.14, 20.78, -6.364, -2.23
0.664, -0.138, 1.138, 20.733, -6.084, -1.081
0.664, -0.131, 1.136, 19.989, -5.732, -0.72
0.661, -0.124, 1.135, 18.036, -5.407, -2.578
0.661, -0.119, 1.133, 18.225, -4.813, -0.37
0.66, -0.113, 1.131, 17.227, -4.286, -0.273
0.659, -0.106, 1.129, 15.85, -3.952, -0.257
0.657, -0.1, 1.129, 14.167, -3.437, -0.048
0.657, -0.095, 1.126, 13.786, -2.982, 0.081
0.655, -0.09, 1.124, 12.325, -2.695, 0.364
0.654, -0.084, 1.121, 10.436, -2.26, 0.105
0.654, -0.079, 1.12, 10.199, -1.237, 1.416
0.653, -0.074, 1.119, 8.804, -1.012, 1.511
0.651, -0.068, 1.117, 6.923, -0.611, 0.599
0.651, -0.064, 1.116, 6.373, 0.05, 1.808
0.649, -0.059, 1.115, 4.972, 0.3, 1.684
0.648, -0.055, 1.114, 3.841, 0.721, 1.959
0.648, -0.051, 1.113, 3.195, 1.224, 2.406
0.647, -0.048, 1.112, 2.085, 1.532, 2.581
0.646, -0.044, 1.111, 1.518, 2.343, 1.83
0.645, -0.04, 1.11, 0.098, 2.1, 1.64
0.644, -0.037, 1.11, -0.363, 2.611, 2.195
0.643, -0.034, 1.11, -1.433, 3.492, 2.633
0.642, -0.03, 1.108, -1.637, 3.318, 1.843
0.642, -0.028, 1.108, -1.876, 4.149, 2.165
0.641, -0.026, 1.107, -2.533, 4.487, 2.261
0.64, -0.023, 1.106, -2.771, 4.794, 2.119
0.64, -0.021, 1.106, -2.919, 5.206, 2.316
0.638, -0.018, 1.105, -3.284, 5.166, 2.399
0.638, -0.016, 1.104, -3.635, 5.731, 2.005
0.637, -0.015, 1.104, -3.156, 6.222, 2.757
0.635, -0.012, 1.104, -3.058, 6.579, 3.116
0.634, -0.011, 1.104, -2.904, 6.784, 3.301
0.633, -0.01, 1.103, -2.892, 6.988, 3.041
0.632, -0.008, 1.103, -2.914, 7.148, 3.094
0.631, -0.007, 1.103, -2.878, 7.262, 3.153
0.63, -0.006, 1.103, -2.657, 7.882, 3.498
0.63, -0.005, 1.103, -2.11, 8.424, 3.603
0.629, -0.005, 1.102, -2.189, 8.766, 3.563
0.627, -0.004, 1.102, -2.379, 9.127, 3.423
0.626, -0.003, 1.102, -2.203, 9.333, 3.806
0.625, -0.002, 1.102, -2.124, 9.979, 3.765
0.624, -0.002, 1.102, -2.299, 10.499, 4.363
0.622, -0.001, 1.102, -1.922, 10.674, 4.218
0.621, 0.0, 1.102, -2.413, 11.613, 4.643
0.619, 0.0, 1.102, -2.66, 12.244, 4.746
0.618, 0.0, 1.103, -2.877, 12.834, 4.968
0.616, 0.002, 1.102, -3.002, 12.999, 3.367
0.615, 0.003, 1.102, -2.872, 13.583, 3.986
0.613, 0.002, 1.103, -2.73, 14.968, 5.203
0.611, 0.002, 1.103, -2.77, 15.877, 5.251
0.61, 0.002, 1.104, -2.671, 16.802, 5.258
0.607, 0.003, 1.104, -2.615, 17.666, 5.385
0.606, 0.003, 1.104, -2.705, 18.516, 4.903
0.604, 0.003, 1.104, -2.352, 19.472, 5.164
0.603, 0.004, 1.105, -2.254, 20.105, 4.993
0.6, 0.004, 1.105, -1.828, 20.986, 5.467
0.598, 0.005, 1.105, -1.853, 21.744, 5.066
0.596, 0.005, 1.106, -1.637, 22.914, 5.088
0.594, 0.005, 1.106, -1.148, 23.542, 5.39
0.592, 0.005, 1.106, -0.709, 24.646, 5.928
0.589, 0.005, 1.106, -0.332, 25.373, 5.731
0.587, 0.006, 1.106, 0.629, 26.391, 5.29
0.584, 0.006, 1.107, 0.994, 27.02, 6.819
0.582, 0.006, 1.106, 0.844, 27.671, 6.706
0.579, 0.006, 1.106, 1.626, 28.626, 7.342
0.576, 0.006, 1.107, 1.805, 29.52, 7.355
0.574, 0.007, 1.107, 2.093, 30.171, 7.355
0.571, 0.006, 1.107, 2.075, 30.974, 7.005
0.568, 0.007, 1.107, 2.427, 31.722, 6.903
0.565, 0.007, 1.107, 2.501, 32.71, 6.647
0.562, 0.007, 1.106, 2.922, 33.527, 6.887
0.559, 0.007, 1.107, 2.474, 34.104, 6.357
0.556, 0.007, 1.106, 2.591, 34.949, 6.16
0.553, 0.008, 1.106, 3.036, 36.252, 6.537
0.55, 0.008, 1.106, 3.348, 37.411, 6.973
0.546, 0.009, 1.106, 4.095, 38.665, 7.163
0.543, 0.009, 1.105, 2.846, 38.973, 6.818
0.54, 0.009, 1.105, 2.681, 39.857, 6.693
0.537, 0.009, 1.104, 3.934, 41.599, 8.025
0.533, 0.009, 1.104, 4.49, 42.832, 7.559
0.53, 0.01, 1.103, 5.934, 44.399, 8.601
0.526, 0.009, 1.103, 6.005, 45.043, 10.691
0.523, 0.009, 1.102, 5.14, 45.661, 9.936
0.519, 0.01, 1.101, 7.166, 47.348, 11.574
0.516, 0.01, 1.101, 8.118, 48.455, 12.386
0.513, 0.01, 1.1, 8.533, 49.149, 12.577
0.509, 0.01, 1.1, 9.036, 50.188, 13.013
0.506, 0.011, 1.098, 8.83, 51.418, 12.199
0.503, 0.011, 1.098, 9.557, 52.47, 12.742
0.499, 0.011, 1.098, 10.517, 53.783, 13.838
0.496, 0.011, 1.097, 10.305, 54.785, 13.569
0.493, 0.011, 1.096, 11.356, 55.893, 14.256
0.489, 0.012, 1.097, 11.904, 57.324, 15.118
0.487, 0.012, 1.096, 12.353, 58.446, 15.202
0.484, 0.012, 1.097, 13.929, 60.461, 14.935
0.48, 0.012, 1.096, 16.238, 60.846, 18.762
0.477, 0.011, 1.095, 17.566, 62.446, 19.686
0.474, 0.012, 1.095, 18.409, 63.938, 20.03
0.471, 0.011, 1.094, 18.951, 65.394, 20.639
0.468, 0.011, 1.093, 19.084, 66.634, 20.697
0.465, 0.011, 1.094, 21.832, 67.687, 23.847
0.463, 0.012, 1.094, 23.438, 68.919, 25.307
0.46, 0.011, 1.093, 22.558, 70.699, 24.575
0.458, 0.011, 1.093, 24.927, 71.681, 27.121
0.457, 0.013, 1.092, 27.259, 72.816, 29.338
0.454, 0.012, 1.092, 29.142, 73.268, 31.372
0.452, 0.011, 1.09, 33.066, 75.355, 34.054
0.449, 0.011, 1.091, 34.347, 76.624, 36.468
0.448, 0.011, 1.091, 39.689, 77.871, 41.752
0.446, 0.012, 1.091, 46.494, 78.672, 48.541
0.445, 0.012, 1.09, 54.611, 79.615, 56.23
0.442, 0.012, 1.09, 63.749, 79.953, 65.417
0.441, 0.013, 1.09, 69.628, 80.58, 71.674
0.44, 0.013, 1.089, 80.241, 80.563, 81.518
0.438, 0.014, 1.09, 81.78, 81.929, 84.771
0.437, 0.014, 1.089, 93.236, 81.571, 95.642
0.435, 0.015, 1.089, 102.583, 81.863, 105.326
0.434, 0.016, 1.089, 113.509, 81.682, 116.486
0.434, 0.016, 1.089, 120.878, 80.773, 123.951
0.433, 0.017, 1.089, 127.888, 79.543, 130.946
0.433, 0.018, 1.088, 132.754, 78.699, 136.235
0.432, 0.019, 1.089, 137.617, 77.599, 141.283
0.431, 0.02, 1.088, 141.523, 76.513, 145.498
0.429, 0.021, 1.087, 144.791, 74.802, 148.784
0.431, 0.022, 1.088, 146.808, 74.229, 151.333
0.43, 0.023, 1.088, 150.435, 72.635, 155.14
0.43, 0.024, 1.088, 151.881, 71.313, 157.117
0.43, 0.025, 1.088, 153.374, 69.454, 158.785
0.43, 0.026, 1.088, 155.43, 67.962, 160.253
0.43, 0.027, 1.086, 157.157, 65.487, 161.068
0.429, 0.028, 1.086, 158.36, 63.855, 162.338
0.429, 0.029, 1.086, 159.07, 62.337, 163.063
0.43, 0.031, 1.085, 159.926, 60.741, 163.915
0.429, 0.033, 1.085, 160.123, 59.498, 164.469
0.43, 0.034, 1.085, 161.609, 57.79, 165.243
0.43, 0.036, 1.084, 161.836, 56.192, 165.603
0.431, 0.037, 1.084, 162.688, 54.876, 166.174
0.431, 0.038, 1.083, 162.637, 52.735, 165.436
0.431, 0.04, 1.084, 163.537, 51.635, 166.034
0.432, 0.042, 1.083, 164.565, 50.116, 167.053
0.432, 0.043, 1.082, 165.353, 48.418, 167.21
0.433, 0.044, 1.082, 166.038, 48.049, 167.624
0.433, 0.046, 1.081, 166.43, 46.246, 167.509
0.434, 0.048, 1.08, 167.218, 44.76, 168.283
0.435, 0.05, 1.08, 167.874, 43.349, 168.874
0.436, 0.051, 1.079, 168.454, 42.215, 169.381
0.437, 0.053, 1.077, 168.805, 40.646, 169.809
0.438, 0.054, 1.077, 169.303, 39.462, 170.11
0.439, 0.056, 1.076, 169.426, 38.132, 170.083
0.44, 0.057, 1.075, 169.006, 36.941, 169.809
0.441, 0.058, 1.074, 168.892, 35.804, 169.728
0.442, 0.059, 1.072, 169.119, 34.471, 169.557
0.443, 0.06, 1.072, 169.221, 33.075, 169.752
0.444, 0.061, 1.07, 169.447, 31.62, 169.903
0.444, 0.062, 1.07, 169.71, 30.523, 170.067
0.445, 0.062, 1.069, 169.598, 28.825, 169.951
0.445, 0.064, 1.068, 169.187, 27.619, 169.438
0.445, 0.064, 1.067, 169.787, 26.143, 170.165
0.445, 0.064, 1.066, 169.903, 25.011, 170.204
0.445, 0.065, 1.065, 169.997, 24.181, 170.314
0.444, 0.065, 1.065, 170.101, 23.358, 170.721
0.445, 0.067, 1.064, 169.591, 22.181, 169.959
0.444, 0.067, 1.063, 170.096, 21.357, 170.576
0.445, 0.068, 1.063, 170.037, 20.583, 170.496
0.445, 0.068, 1.062, 170.038, 20.076, 170.249
0.444, 0.069, 1.061, 170.415, 19.414, 170.439
0.444, 0.069, 1.061, 170.367, 18.74, 170.715
0.444, 0.069, 1.06, 169.865, 18.422, 171.11
0.443, 0.07, 1.059, 171.122, 17.376, 171.366
0.442, 0.071, 1.059, 171.066, 16.597, 171.238
0.441, 0.071, 1.058, 170.879, 15.965, 170.789
0.44, 0.071, 1.058, 170.547, 15.295, 170.583
0.439, 0.071, 1.057, 171.134, 14.631, 170.88
0.438, 0.072, 1.057, 171.099, 14.289, 170.98
0.437, 0.072, 1.056, 171.112, 13.465, 170.987
0.435, 0.073, 1.056, 171.152, 12.877, 170.918
0.434, 0.073, 1.055, 171.328, 12.072, 170.897
0.432, 0.073, 1.055, 171.222, 11.633, 170.946
0.431, 0.074, 1.055, 171.342, 11.044, 170.672
0.429, 0.074, 1.054, 171.563, 10.498, 170.959
0.427, 0.074, 1.054, 171.453, 10.295, 170.479
0.425, 0.075, 1.053, 171.534, 9.903, 170.363
0.423, 0.076, 1.053, 171.725, 9.561, 170.176
0.421, 0.077, 1.052, 171.891, 9.126, 169.999
0.419, 0.077, 1.051, 172.199, 8.903, 169.851
0.416, 0.078, 1.051, 173.051, 8.455, 170.384
0.414, 0.081, 1.053, 175.084, 7.808, 172.895
0.411, 0.081, 1.051, 172.47, 8.013, 169.706
0.409, 0.081, 1.05, 172.693, 7.978, 169.815
0.406, 0.082, 1.05, 172.603, 7.821, 169.564
0.404, 0.083, 1.049, 172.648, 7.773, 169.518
0.4, 0.084, 1.048, 172.579, 7.609, 169.583
0.397, 0.084, 1.048, 172.717, 7.497, 169.531
0.394, 0.086, 1.048, 172.607, 7.098, 169.333
0.39, 0.086, 1.047, 172.629, 7.162, 169.394
0.388, 0.087, 1.047, 172.315, 7.068, 169.511
0.384, 0.087, 1.046, 172.707, 6.967, 169.606
0.38, 0.088, 1.046, 172.76, 6.842, 169.843
0.377, 0.089, 1.046, 172.242, 6.581, 169.513
0.373, 0.089, 1.046, 171.657, 6.444, 169.418
0.369, 0.089, 1.046, 171.822, 6.085, 169.701
0.366, 0.091, 1.044, 171.61, 6.037, 169.826
0.361, 0.09, 1.045, 171.702, 5.604, 169.753
0.357, 0.091, 1.045, 171.652, 5.789, 169.779
0.353, 0.092, 1.045, 171.297, 5.39, 169.028
0.349, 0.092, 1.044, 171.41, 5.125, 169.376
0.345, 0.094, 1.044, 171.523, 4.838, 169.343
0.34, 0.093, 1.044, 171.618, 4.849, 169.563
0.335, 0.094, 1.044, 171.35, 4.554, 169.346
0.33, 0.095, 1.044, 171.238, 4.213, 169.281
0.325, 0.095, 1.043, 171.311, 4.053, 169.083
0.32, 0.096, 1.043, 171.848, 3.397, 169.245
0.314, 0.095, 1.043, 171.862, 3.99, 169.943
0.31, 0.096, 1.042, 171.983, 3.505, 169.61
0.303, 0.097, 1.042, 171.949, 3.614, 169.557
0.298, 0.097, 1.043, 171.768, 3.129, 169.349
0.292, 0.098, 1.042, 172.079, 2.681, 169.282
0.286, 0.098, 1.042, 172.012, 2.762, 169.011
0.279, 0.098, 1.043, 171.607, 2.298, 168.705
0.274, 0.1, 1.042, 171.722, 2.022, 168.862
0.266, 0.099, 1.042, 171.819, 2.291, 169.009
0.26, 0.101, 1.042, 172.266, 1.888, 169.251
0.253, 0.1, 1.042, 172.173, 2.029, 168.816
0.247, 0.101, 1.042, 171.911, 1.961, 168.969
0.238, 0.101, 1.042, 172.634, 1.487, 169.435
0.232, 0.102, 1.042, 172.315, 1.297, 169.173
0.224, 0.102, 1.042, 172.278, 1.608, 168.832
0.216, 0.103, 1.042, 172.245, 1.223, 168.766
0.209, 0.103, 1.042, 172.459, 1.428, 168.631
0.201, 0.104, 1.042, 172.423, 1.106, 168.478
0.194, 0.104, 1.042, 172.375, 1.178, 168.692
0.186, 0.106, 1.043, 172.32, 1.163, 168.379
0.178, 0.106, 1.043, 172.408, 1.096, 167.754
0.169, 0.107, 1.043, 172.589, 1.173, 168.028
0.161, 0.108, 1.044, 172.56, 1.026, 167.685
0.153, 0.108, 1.044, 172.597, 1.154, 167.717
0.145, 0.109, 1.045, 172.769, 1.279, 167.725
0.137, 0.11, 1.045, 172.841, 1.026, 167.631
0.129, 0.111, 1.046, 172.69, 1.122, 167.971
0.121, 0.11, 1.046, 172.989, 1.393, 167.91
0.112, 0.112, 1.047, 173.177, 1.507, 168.014
0.105, 0.113, 1.049, 172.617, 0.933, 167.001
0.097, 0.114, 1.049, 173.146, 1.543, 167.282
0.089, 0.115, 1.05, 173.121, 1.436, 167.092
0.081, 0.115, 1.051, 173.294, 1.74, 167.273
0.074, 0.117, 1.053, 173.089, 1.709, 166.66
0.066, 0.118, 1.054, 173.46, 1.876, 166.625
0.058, 0.119, 1.054, 173.743, 2.005, 166.855
0.051, 0.12, 1.056, 173.578, 2.375, 166.841
0.043, 0.12, 1.057, 173.928, 2.472, 167.074
0.035, 0.121, 1.058, 173.902, 2.597, 166.984
0.027, 0.122, 1.06, 173.974, 2.909, 167.222
0.019, 0.123, 1.061, 173.871, 2.817, 166.94
0.011, 0.125, 1.063, 173.821, 3.002, 166.707
0.003, 0.125, 1.063, 173.907, 3.441, 167.25
-0.004, 0.126, 1.064, 173.985, 3.478, 166.912
-0.011, 0.128, 1.065, 174.163, 3.584, 166.88
-0.019, 0.128, 1.066, 174.835, 4.322, 167.404
-0.027, 0.13, 1.066, 173.944, 3.887, 166.871
-0.035, 0.129, 1.066, 174.375, 4.323, 166.982
-0.043, 0.13, 1.067, 174.238, 4.592, 167.218
-0.051, 0.131, 1.067, 174.183, 4.723, 166.709
-0.058, 0.132, 1.068, 173.828, 5.009, 166.485
-0.066, 0.132, 1.068, 174.035, 5.448, 166.969
-0.074, 0.133, 1.068, 174.511, 5.309, 166.712
-0.082, 0.134, 1.069, 174.303, 5.579, 166.624
-0.089, 0.134, 1.069, 174.204, 5.89, 166.436
-0.097, 0.135, 1.069, 174.443, 5.997, 165.957
-0.106, 0.136, 1.069, 174.427, 5.834, 165.694
-0.115, 0.136, 1.069, 175.006, 6.437, 166.103
-0.122, 0.137, 1.069, 175.086, 6.382, 165.812
-0.131, 0.136, 1.068, 175.373, 6.597, 165.907
-0.139, 0.137, 1.069, 175.054, 7.124, 165.874
-0.147, 0.137, 1.069, 175.462, 7.328, 165.868
-0.156, 0.137, 1.069, 175.213, 7.599, 165.728
-0.164, 0.137, 1.068, 175.5, 8.058, 165.673
-0.173, 0.138, 1.069, 175.542, 7.976, 165.25
-0.182, 0.138, 1.068, 175.683, 8.477, 165.548
-0.191, 0.138, 1.068, 175.567, 8.88, 165.524
-0.199, 0.139, 1.068, 175.874, 9.269, 165.632
-0.207, 0.138, 1.068, 175.687, 9.884, 165.669
-0.216, 0.139, 1.067, 175.82, 10.321, 166.01
-0.225, 0.139, 1.067, 175.458, 10.806, 165.822
-0.234, 0.139, 1.067, 175.064, 11.615, 165.62
-0.244, 0.139, 1.067, 174.598, 11.562, 165.498
-0.251, 0.137, 1.066, 174.57, 12.779, 165.98
-0.26, 0.137, 1.066, 174.311, 13.006, 165.446
-0.269, 0.137, 1.065, 174.456, 12.993, 165.117
-0.279, 0.136, 1.065, 174.487, 13.303, 164.95
-0.287, 0.136, 1.068, 175.539, 13.258, 166.513
-0.296, 0.135, 1.066, 173.868, 13.935, 165.088
-0.304, 0.133, 1.066, 173.276, 14.329, 165.451
-0.313, 0.133, 1.067, 174.265, 13.993, 165.278
-0.322, 0.132, 1.068, 173.813, 14.112, 165.017
-0.33, 0.131, 1.068, 173.881, 14.191, 164.485
-0.338, 0.129, 1.069, 174.11, 14.401, 164.807
-0.347, 0.128, 1.07, 174.378, 14.146, 164.542
-0.355, 0.127, 1.071, 174.364, 14.258, 164.417
-0.363, 0.126, 1.072, 174.838, 14.139, 164.936
-0.371, 0.125, 1.073, 174.979, 14.187, 165.05
-0.379, 0.123, 1.075, 175.26, 14.304, 165.029
-0.387, 0.122, 1.076, 175.772, 14.357, 165.433
-0.395, 0.122, 1.078, 175.618, 14.849, 165.529
-0.402, 0.121, 1.08, 176.06, 14.908, 166.083
-0.409, 0.119, 1.081, 175.611, 15.916, 166.726
-0.416, 0.119, 1.082, 176.405, 15.927, 166.338
-0.424, 0.117, 1.083, 176.802, 16.378, 166.701
-0.43, 0.117, 1.085, 176.654, 17.072, 166.55
-0.437, 0.115, 1.086, 176.298, 17.615, 167.057
-0.444, 0.115, 1.087, 176.568, 18.761, 167.433
-0.451, 0.115, 1.088, 176.231, 19.055, 167.405
-0.457, 0.114, 1.089, 175.759, 19.99, 167.404
-0.464, 0.114, 1.09, 175.134, 21.058, 167.381
-0.471, 0.112, 1.09, 174.473, 22.302, 168.437
-0.477, 0.111, 1.091, 174.615, 22.778, 167.638
-0.483, 0.111, 1.091, 174.421, 23.459, 167.847
-0.489, 0.109, 1.092, 173.237, 24.485, 168.646
-0.496, 0.109, 1.092, 172.805, 25.375, 168.589
-0.503, 0.109, 1.093, 172.683, 25.884, 167.271
-0.51, 0.108, 1.094, 171.845, 26.28, 166.591
-0.516, 0.107, 1.093, 171.542, 27.598, 167.53
-0.522, 0.106, 1.093, 171.54, 28.397, 167.591
-0.528, 0.106, 1.094, 171.248, 29.208, 167.373
-0.535, 0.105, 1.095, 171.197, 30.147, 167.172
-0.541, 0.105, 1.096, 171.086, 31.073, 166.882
-0.547, 0.104, 1.096, 171.21, 32.105, 166.988
-0.553, 0.104, 1.097, 171.385, 33.025, 166.952
-0.56, 0.104, 1.098, 172.303, 33.433, 166.566
-0.566, 0.104, 1.1, 172.761, 34.339, 166.54
-0.572, 0.103, 1.1, 173.234, 35.265, 166.52
-0.578, 0.103, 1.101, 173.4, 36.479, 166.414
-0.584, 0.103, 1.103, 172.902, 37.437, 165.491
-0.59, 0.102, 1.105, 173.137, 38.597, 165.691
-0.596, 0.101, 1.106, 173.789, 39.631, 166.138
-0.601, 0.101, 1.107, 174.471, 40.523, 166.399
-0.607, 0.101, 1.108, 174.694, 41.832, 166.092
-0.613, 0.1, 1.11, 174.997, 43.281, 166.489
-0.619, 0.1, 1.111, 175.641, 44.273, 166.963
-0.624, 0.1, 1.112, 176.155, 45.517, 167.426
-0.63, 0.1, 1.113, 176.324, 46.571, 167.546
-0.635, 0.099, 1.115, 176.411, 47.877, 167.534
-0.641, 0.099, 1.116, 176.715, 49.113, 167.825
-0.647, 0.098, 1.118, 176.399, 50.363, 168.25
-0.651, 0.098, 1.118, 177.154, 52.217, 168.675
-0.657, 0.099, 1.12, 176.874, 53.283, 168.817
-0.662, 0.098, 1.121, 176.97, 54.931, 168.667
-0.668, 0.096, 1.121, 177.67, 56.353, 169.273
-0.673, 0.097, 1.123, 178.093, 58.2, 170.312
-0.679, 0.096, 1.123, 178.341, 59.655, 170.453
-0.684, 0.096, 1.124, 179.021, 61.08, 171.091
-0.69, 0.096, 1.125, 179.173, 62.832, 171.484
-0.695, 0.096, 1.125, 179.333, 64.125, 171.626
-0.701, 0.095, 1.126, 178.671, 66.001, 171.037
-0.706, 0.095, 1.127, 178.369, 67.191, 171.595
-0.712, 0.095, 1.128, 178.954, 68.778, 172.286
-0.716, 0.095, 1.127, -179.469, 70.703, 173.963
-0.719, 0.095, 1.127, -176.692, 72.866, 176.846
-0.724, 0.095, 1.127, -174.78, 74.753, 179.052
-0.73, 0.095, 1.129, -169.632, 76.34, -175.095
-0.736, 0.094, 1.129, -174.18, 77.626, 179.878
-0.74, 0.095, 1.13, -172.41, 79.486, -177.762
-0.744, 0.094, 1.13, -169.089, 81.218, -174.474
-0.748, 0.094, 1.129, -156.32, 83.144, -162.273
-0.752, 0.094, 1.129, -140.296, 83.822, -146.123
-0.756, 0.094, 1.13, -121.293, 84.211, -125.737
-0.758, 0.095, 1.13, -100.416, 84.863, -104.791
-0.761, 0.096, 1.129, -82.944, 84.044, -87.05
-0.765, 0.096, 1.13, -71.031, 82.857, -74.949
-0.768, 0.095, 1.13, -63.256, 81.93, -66.907
-0.772, 0.095, 1.13, -56.585, 80.374, -60.326
-0.775, 0.096, 1.129, -52.194, 78.723, -55.349
-0.779, 0.095, 1.129, -47.874, 77.585, -50.789
-0.781, 0.096, 1.127, -41.923, 75.871, -44.825
-0.785, 0.097, 1.126, -38.269, 74.401, -41.402
-0.788, 0.097, 1.125, -35.013, 72.765, -37.943
-0.791, 0.097, 1.125, -31.579, 71.37, -34.722
-0.795, 0.097, 1.124, -26.859, 70.49, -29.815
-0.798, 0.098, 1.123, -22.274, 68.913, -25.247
-0.8, 0.1, 1.119, -22.122, 65.718, -25.714
-0.804, 0.098, 1.118, -18.81, 65.145, -22.091
-0.807, 0.099, 1.117, -17.232, 63.226, -20.589
-0.81, 0.099, 1.115, -15.232, 61.451, -19.046
-0.811, 0.102, 1.112, -14.078, 58.756, -17.247
-0.814, 0.101, 1.111, -12.703, 57.202, -16.311
-0.818, 0.101, 1.109, -11.077, 55.248, -15.022
-0.82, 0.101, 1.107, -9.878, 53.704, -14.581
-0.823, 0.101, 1.105, -8.66, 51.975, -13.855
-0.826, 0.101, 1.103, -7.707, 50.28, -13.157
-0.828, 0.101, 1.102, -7.018, 48.305, -12.68
-0.83, 0.1, 1.1, -6.005, 46.827, -11.767
-0.832, 0.1, 1.098, -4.536, 45.27, -10.481
-0.834, 0.1, 1.097, -3.571, 43.525, -9.634
-0.836, 0.099, 1.095, -3.271, 41.717, -9.613
-0.838, 0.099, 1.093, -3.578, 39.295, -9.845
-0.84, 0.099, 1.09, -2.514, 38.141, -9.178
-0.842, 0.098, 1.089, -2.724, 35.669, -9.085
-0.844, 0.097, 1.087, -2.394, 34.287, -8.939
-0.846, 0.096, 1.086, -2.502, 31.99, -9.042
-0.848, 0.096, 1.084, -2.544, 30.414, -8.859
-0.848, 0.096, 1.082, -2.828, 28.738, -8.978
-0.85, 0.095, 1.081, -3.241, 26.933, -9.234
-0.851, 0.095, 1.079, -3.79, 24.898, -9.293
-0.853, 0.095, 1.077, -4.913, 23.368, -10.018
-0.854, 0.094, 1.076, -4.361, 21.394, -9.571
-0.855, 0.094, 1.074, -4.97, 20.098, -9.622
-0.856, 0.095, 1.072, -5.719, 18.097, -9.738
-0.856, 0.094, 1.07, -6.246, 16.825, -9.876
-0.858, 0.093, 1.068, -6.627, 15.208, -9.7
-0.859, 0.093, 1.066, -7.137, 13.759, -9.937
-0.86, 0.092, 1.065, -6.6, 12.59, -9.211
-0.86, 0.092, 1.062, -7.929, 11.18, -9.894
-0.862, 0.091, 1.06, -7.839, 10.417, -9.539
-0.863, 0.091, 1.057, -8.783, 9.02, -10.104
-0.864, 0.09, 1.054, -9.104, 8.037, -9.996
-0.865, 0.09, 1.051, -9.031, 7.036, -9.537
-0.866, 0.089, 1.048, -9.325, 6.041, -9.582
-0.868, 0.089, 1.045, -9.213, 5.117, -9.071
-0.869, 0.088, 1.042, -8.89, 4.333, -8.466
-0.87, 0.087, 1.039, -8.799, 3.575, -8.075
-0.871, 0.087, 1.035, -8.535, 2.821, -7.977
-0.873, 0.086, 1.032, -8.072, 2.452, -7.513
-0.874, 0.085, 1.028, -7.946, 1.993, -7.708
-0.875, 0.084, 1.024, -7.617, 1.547, -7.797
-0.876, 0.083, 1.02, -7.529, 1.322, -8.053
-0.877, 0.082, 1.016, -6.767, 0.722, -7.551
-0.879, 0.081, 1.011, -6.517, 0.452, -7.884
-0.88, 0.079, 1.007, -6.101, 0.083, -7.955
-0.881, 0.078, 1.002, -5.379, -0.249, -7.714
-0.883, 0.077, 0.997, -4.927, -0.64, -7.876
-0.885, 0.076, 0.992, -4.197, -1.134, -7.755
-0.886, 0.074, 0.986, -3.509, -1.66, -7.634
-0.888, 0.073, 0.981, -3.015, -2.097, -7.884
-0.889, 0.072, 0.975, -2.197, -2.633, -7.976
-0.891, 0.07, 0.968, -1.549, -3.062, -7.992
-0.892, 0.069, 0.962, -0.759, -3.596, -8.142
-0.894, 0.067, 0.955, -0.169, -4.13, -8.259
-0.896, 0.066, 0.948, 0.776, -4.658, -8.568
-0.897, 0.064, 0.94, 1.171, -5.081, -8.465
-0.899, 0.063, 0.932, 1.722, -5.563, -8.692
-0.9, 0.062, 0.924, 2.235, -5.933, -8.98
-0.901, 0.06, 0.915, 2.858, -6.261, -8.98
-0.903, 0.058, 0.906, 3.108, -6.459, -8.929
-0.905, 0.057, 0.897, 3.496, -6.862, -8.507
-0.907, 0.056, 0.886, 3.776, -6.975, -8.49
-0.908, 0.055, 0.876, 3.908, -7.16, -8.701
-0.909, 0.053, 0.865, 3.965, -7.193, -8.4
-0.91, 0.053, 0.854, 3.972, -7.16, -8.424
-0.912, 0.052, 0.842, 3.81, -7.249, -8.064
-0.913, 0.051, 0.83, 3.503, -7.369, -7.814
-0.914, 0.051, 0.818, 3.105, -7.451, -7.472
-0.915, 0.05, 0.805, 2.582, -7.337, -7.365
-0.916, 0.05, 0.792, 2.044, -7.392, -6.878
-0.917, 0.049, 0.778, 1.437, -7.382, -6.29
-0.917, 0.049, 0.765, 0.994, -7.382, -5.827
-0.918, 0.049, 0.75, 0.412, -7.27, -5.265
-0.918, 0.049, 0.736, -0.124, -7.307, -4.608
-0.919, 0.049, 0.721, -0.749, -7.085, -4.351
-0.919, 0.049, 0.707, -1.124, -7.2, -3.54
-0.919, 0.049, 0.692, -1.584, -6.994, -2.998
-0.919, 0.05, 0.677, -2.255, -7.066, -2.313
-0.918, 0.049, 0.663, -2.963, -7.053, -2.293
-0.918, 0.051, 0.647, -3.401, -6.901, -1.977
-0.918, 0.052, 0.632, -3.805, -7.021, -1.449
-0.917, 0.053, 0.616, -4.098, -6.752, -1.072
-0.916, 0.054, 0.602, -4.549, -6.824, -0.667
-0.916, 0.055, 0.586, -5.173, -6.717, -0.432
-0.915, 0.056, 0.571, -5.355, -6.658, -0.095
-0.914, 0.057, 0.556, -5.521, -6.343, 0.181
-0.913, 0.058, 0.54, -5.604, -6.016, 0.301
-0.912, 0.058, 0.525, -5.367, -5.647, 0.326
-0.912, 0.059, 0.51, -5.296, -5.073, 0.65
-0.911, 0.06, 0.494, -4.896, -4.683, 1.043
-0.91, 0.06, 0.479, -4.628, -4.305, 1.124
-0.909, 0.062, 0.464, -4.892, -3.919, 1.224
-0.908, 0.063, 0.45, -4.515, -3.747, 1.405
-0.907, 0.063, 0.435, -4.361, -3.347, 1.406
-0.905, 0.064, 0.42, -4.083, -3.448, 1.524
-0.905, 0.065, 0.406, -3.919, -3.289, 1.962
-0.904, 0.065, 0.392, -4.136, -3.204, 2.309
-0.903, 0.066, 0.377, -3.93, -3.194, 2.435
-0.901, 0.066, 0.364, -4.119, -3.194, 2.818
-0.9, 0.067, 0.35, -4.011, -3.183, 3.405
-0.9, 0.067, 0.337, -4.049, -2.96, 3.662
-0.898, 0.067, 0.323, -4.298, -3.053, 4.124
-0.897, 0.068, 0.31, -4.562, -3.027, 4.404
-0.896, 0.068, 0.298, -4.958, -3.084, 4.724
-0.895, 0.068, 0.285, -5.149, -3.21, 5.196
-0.893, 0.069, 0.273, -5.367, -3.308, 5.144
-0.892, 0.068, 0.262, -5.614, -3.178, 6.066
-0.891, 0.068, 0.25, -6.062, -3.128, 6.447
-0.889, 0.068, 0.239, -6.099, -3.247, 6.462
-0.888, 0.068, 0.228, -6.128, -3.325, 6.74
-0.887, 0.067, 0.217, -6.215, -3.331, 7.102
-0.886, 0.067, 0.207, -5.896, -3.583, 7.652
-0.885, 0.066, 0.196, -5.807, -3.585, 8.118
-0.884, 0.065, 0.186, -5.709, -3.917, 8.062
-0.883, 0.064, 0.177, -5.506, -3.755, 8.693
-0.882, 0.064, 0.168, -5.32, -3.923, 8.804
-0.881, 0.063, 0.158, -4.948, -4.162, 9.157
-0.88, 0.063, 0.15, -4.539, -4.332, 9.655
-0.88, 0.062, 0.141, -4.232, -4.51, 9.496
-0.879, 0.061, 0.133, -3.998, -4.665, 9.873
-0.878, 0.06, 0.125, -3.869, -4.813, 10.071
-0.878, 0.059, 0.118, -3.55, -4.929, 10.649
-0.877, 0.058, 0.111, -3.523, -4.866, 11.248
-0.877, 0.057, 0.104, -3.383, -5.004, 11.112
-0.876, 0.057, 0.098, -3.52, -5.257, 11.37
-0.876, 0.056, 0.093, -3.798, -5.41, 11.84
-0.876, 0.055, 0.087, -3.989, -5.547, 11.772
-0.875, 0.054, 0.083, -4.128, -5.762, 11.996
-0.875, 0.054, 0.078, -4.384, -5.911, 11.897
-0.875, 0.054, 0.074, -4.633, -6.18, 11.849
-0.875, 0.053, 0.07, -4.77, -6.29, 11.692
-0.875, 0.053, 0.067, -3.995, -6.402, 10.822
-0.876, 0.052, 0.065, -2.789, -5.848, 10.364
-0.875, 0.053, 0.063, -2.807, -6.298, 10.078
-0.875, 0.053, 0.061, -2.329, -6.19, 9.116
-0.875, 0.053, 0.061, -1.039, -6.015, 8.301
-0.875, 0.054, 0.059, -0.854, -6.389, 8.466
-0.875, 0.055, 0.058, -0.185, -6.301, 7.27
-0.875, 0.055, 0.057, -0.339, -6.047, 7.158
-0.875, 0.055, 0.057, -0.419, -6.086, 6.51
-0.876, 0.055, 0.056, -0.333, -5.548, 6.088
-0.876, 0.055, 0.055, -0.529, -5.566, 5.946
-0.875, 0.055, 0.055, -0.946, -5.452, 5.882
-0.875, 0.055, 0.054, -0.944, -5.481, 5.362
-0.875, 0.054, 0.053, -0.957, -5.305, 4.947
-0.875, 0.054, 0.052, -1.015, -5.329, 4.498
-0.874, 0.054, 0.051, -0.915, -5.369, 3.915
-0.874, 0.054, 0.05, -0.914, -5.32, 3.327
-0.874, 0.054, 0.049, -0.78, -5.259, 2.712
-0.873, 0.054, 0.048, -0.651, -5.215, 2.002
-0.873, 0.054, 0.047, -0.574, -5.152, 1.466
-0.872, 0.053, 0.046, -0.544, -5.073, 0.78
-0.871, 0.053, 0.045, -0.497, -4.935, 0.225
-0.871, 0.053, 0.044, -0.401, -4.96, -0.186
-0.871, 0.053, 0.044, -0.508, -4.862, -0.359
-0.871, 0.053, 0.044, -0.489, -4.957, -0.409
-0.871, 0.053, 0.044, -0.46, -4.895, -0.181
-0.871, 0.053, 0.044, -0.432, -4.926, -0.18
-0.871, 0.053, 0.044, -0.382, -4.886, -0.262
-0.871, 0.053, 0.044, -0.459, -4.887, -0.37
-0.871, 0.053, 0.044, -0.509, -4.886, -0.442
-0.871, 0.053, 0.044, -0.483, -4.776, -0.265
-0.871, 0.053, 0.044, -0.265, -4.985, -0.243
-0.871, 0.053, 0.044, -0.325, -4.945, -0.328
-0.871, 0.053, 0.044, -0.491, -4.942, -0.473
-0.871, 0.053, 0.044, -0.313, -4.984, -0.475
-0.871, 0.053, 0.044, -0.446, -5.014, -0.419
-0.871, 0.053, 0.044, -0.454, -4.934, -0.356
-0.871, 0.053, 0.044, -0.353, -4.974, -0.354
-0.871, 0.053, 0.044, -0.078, -5.147, -0.388
-0.871, 0.053, 0.044, -0.272, -4.929, -0.52
-0.871, 0.053, 0.044, -0.136, -5.045, -0.496
-0.871, 0.053, 0.044, -0.189, -5.038, -0.585
-0.871, 0.053, 0.044, -0.1, -5.05, -0.547
-0.871, 0.053, 0.044, -0.294, -4.937, -0.606
-0.871, 0.053, 0.044, -0.383, -4.999, -0.649
-0.871, 0.053, 0.044, -0.227, -4.903, -0.575
-0.871, 0.053, 0.044, -0.216, -5.036, -0.611
-0.871, 0.053, 0.044, -0.209, -4.896, -0.48
-0.871, 0.053, 0.044, -0.234, -4.918, -0.593
-0.871, 0.053, 0.044, -0.305, -4.805, -0.576
-0.87, 0.053, 0.044, -0.112, -4.878, -0.513
-0.87, 0.053, 0.044, -0.176, -4.918, -0.35
-0.871, 0.053, 0.044, -0.101, -4.661, -0.376
-0.871, 0.053, 0.044, -0.327, -4.81, -0.389
-0.871, 0.053, 0.044, -0.122, -4.959, -0.495
-0.871, 0.053, 0.044, -0.39, -4.866, -0.284
-0.87, 0.053, 0.044, 0.0, -4.835, -0.452
-0.871, 0.053, 0.044, -0.192, -4.947, -0.437
-0.871, 0.053, 0.044, -0.299, -4.942, -0.468
-0.871, 0.053, 0.044, -0.343, -5.054, -0.394
-0.87, 0.053, 0.044, -0.46, -4.865, -0.268
-0.87, 0.053, 0.044, -0.369, -4.927, -0.17
-0.871, 0.053, 0.044, -0.431, -4.79, -0.231
-0.871, 0.053, 0.044, -0.483, -4.96, -0.225
-0.87, 0.053, 0.045, -0.461, -5.014, -0.137
-0.871, 0.053, 0.044, -0.579, -4.883, -0.325
-0.871, 0.053, 0.044, -0.347, -4.941, -0.426
-0.871, 0.053, 0.044, -0.254, -4.899, -0.574
-0.871, 0.053, 0.044, -0.377, -4.773, -0.674
-0.871, 0.053, 0.044, -0.272, -4.945, -0.78
-0.87, 0.053, 0.044, -0.089, -4.882, -0.519
-0.871, 0.053, 0.044, -0.36, -4.978, -0.655
-0.871, 0.053, 0.044, -0.178, -4.956, -0.522
-0.87, 0.053, 0.044, -0.457, -4.738, -0.736
-0.87, 0.053, 0.044, -0.259, -4.84, -0.472
-0.87, 0.053, 0.044, -0.099, -4.978, -0.529
-0.871, 0.053, 0.044, -0.206, -5.07, -0.649
-0.871, 0.053, 0.044, -0.378, -4.989, -0.526
-0.871, 0.053, 0.044, -0.201, -4.846, -0.528
-0.871, 0.053, 0.044, -0.217, -4.894, -0.561
-0.871, 0.053, 0.044, -0.589, -4.995, -0.563
-0.871, 0.053, 0.044, -0.183, -4.912, -0.636
-0.871, 0.053, 0.044, -0.212, -4.893, -0.587
-0.871, 0.053, 0.044, -0.184, -4.884, -0.591
-0.871, 0.053, 0.044, -0.167, -5.026, -0.545
-0.871, 0.053, 0.044, -0.275, -4.877, -0.601
-0.871, 0.053, 0.044, -0.334, -4.883, -0.603
-0.871, 0.053, 0.044, -0.373, -4.911, -0.619
-0.871, 0.053, 0.044, -0.373, -4.721, -0.547
-0.871, 0.053, 0.044, -0.326, -5.013, -0.555
-0.871, 0.053, 0.044, -0.176, -4.982, -0.574
-0.871, 0.053, 0.044, -0.349, -4.735, -0.512
-0.871, 0.053, 0.044, -0.167, -4.985, -0.515
-0.871, 0.053, 0.044, -0.335, -4.87, -0.524
-0.871, 0.053, 0.044, -0.43, -4.942, -0.661
-0.871, 0.053, 0.044, -0.343, -4.849, -0.68
-0.871, 0.053, 0.044, -0.435, -4.942, -0.83
-0.871, 0.053, 0.044, -0.13, -4.984, -0.687
-0.871, 0.053, 0.044, -0.319, -4.763, -0.698
-0.871, 0.053, 0.044, -0.428, -4.725, -0.606
-0.871, 0.053, 0.044, -0.495, -4.9, -0.799
-0.871, 0.053, 0.044, -0.275, -4.988, -0.65
-0.871, 0.053, 0.044, -0.505, -4.871, -0.828
-0.871, 0.053, 0.044, -0.609, -4.888, -0.802
-0.871, 0.053, 0.043, -0.456, -4.892, -0.83
-0.871, 0.053, 0.044, -0.468, -4.896, -0.555
-0.871, 0.053, 0.043, -0.419, -4.897, -0.831
-0.871, 0.053, 0.044, -0.349, -4.865, -0.634
-0.871, 0.053, 0.044, -0.221, -4.992, -0.694
-0.871, 0.053, 0.044, -0.281, -4.956, -0.673
-0.871, 0.053, 0.044, -0.423, -4.896, -0.601
-0.871, 0.053, 0.044, -0.301, -4.963, -0.655
-0.871, 0.053, 0.043, -0.416, -4.941, -0.82
-0.871, 0.053, 0.043, -0.586, -4.808, -0.84
-0.871, 0.053, 0.043, -0.567, -4.936, -0.852
-0.871, 0.053, 0.044, -0.481, -4.922, -0.82
-0.871, 0.053, 0.044, -0.293, -4.988, -0.668
-0.871, 0.053, 0.044, -0.375, -4.918, -0.818
-0.871, 0.053, 0.044, -0.322, -4.88, -0.639
-0.871, 0.053, 0.043, -0.388, -4.725, -0.822
-0.871, 0.052, 0.043, -0.377, -4.71, -0.871
-0.871, 0.053, 0.043, -0.322, -4.731, -0.856
-0.871, 0.053, 0.043, -0.291, -4.728, -0.87
-0.871, 0.053, 0.043, -0.424, -4.731, -0.855
-0.871, 0.053, 0.044, -0.455, -5.109, -0.699
-0.871, 0.053, 0.043, -0.319, -4.734, -0.837
-0.871, 0.053, 0.044, -0.654, -4.831, -0.65
-0.871, 0.053, 0.044, -0.299, -4.774, -0.681
-0.871, 0.053, 0.044, -0.54, -4.883, -0.555
-0.87, 0.053, 0.045, -0.419, -4.956, -0.194
-0.871, 0.053, 0.044, -0.604, -4.921, -0.694
-0.871, 0.053, 0.043, -0.41, -4.776, -0.891
-0.871, 0.053, 0.043, -0.375, -4.763, -0.885
-0.871, 0.053, 0.043, -0.27, -4.722, -0.906
-0.871, 0.053, 0.044, -0.381, -4.847, -0.592
-0.871, 0.053, 0.044, -0.472, -4.834, -0.634
-0.871, 0.053, 0.044, -0.448, -4.875, -0.621
-0.871, 0.053, 0.044, -0.489, -4.895, -0.596
-0.871, 0.053, 0.044, -0.421, -4.903, -0.618
-0.871, 0.053, 0.044, -0.602, -4.848, -0.501
-0.871, 0.053, 0.044, -0.604, -4.858, -0.556
-0.871, 0.053, 0.044, -0.544, -4.874, -0.734
-0.871, 0.052, 0.044, -0.446, -4.835, -0.731
-0.871, 0.053, 0.044, -0.611, -4.865, -0.595
-0.871, 0.053, 0.044, -0.41, -4.804, -0.676
-0.871, 0.053, 0.044, -0.479, -4.868, -0.647
-0.871, 0.053, 0.044, -0.558, -4.883, -0.613
-0.871, 0.053, 0.044, -0.502, -4.869, -0.782
-0.871, 0.053, 0.044, -0.449, -4.898, -0.772
-0.871, 0.053, 0.044, -0.499, -4.82, -0.665
-0.871, 0.052, 0.044, -0.496, -4.815, -0.783
-0.871, 0.053, 0.044, -0.43, -4.826, -0.69
-0.871, 0.053, 0.044, -0.485, -4.881, -0.664
-0.871, 0.053, 0.044, -0.504, -4.789, -0.809
-0.871, 0.053, 0.044, -0.682, -4.788, -0.747
-0.871, 0.053, 0.044, -0.429, -4.794, -0.715
-0.871, 0.053, 0.044, -0.375, -4.845, -0.661
-0.871, 0.053, 0.044, -0.352, -4.888, -0.849
-0.871, 0.053, 0.044, -0.356, -4.914, -0.735
-0.87, 0.053, 0.044, -0.392, -4.908, -0.833
-0.871, 0.053, 0.044, -0.475, -4.904, -0.704
-0.871, 0.053, 0.044, -0.411, -4.847, -0.721
-0.87, 0.053, 0.044, -0.435, -4.706, -0.607
-0.871, 0.053, 0.044, -0.298, -4.916, -0.679
-0.87, 0.053, 0.044, -0.262, -4.967, -0.858
-0.871, 0.053, 0.044, -0.225, -4.989, -0.702
-0.871, 0.053, 0.044, -0.354, -4.988, -0.771
-0.871, 0.053, 0.044, -0.255, -4.987, -0.718
-0.871, 0.053, 0.044, -0.29, -5.001, -0.659
-0.871, 0.053, 0.044, -0.244, -4.987, -0.715
-0.871, 0.053, 0.044, -0.215, -4.967, -0.711
-0.871, 0.053, 0.044, -0.38, -4.921, -0.673
-0.871, 0.053, 0.044, -0.195, -5.0, -0.709
-0.871, 0.053, 0.044, -0.344, -4.934, -0.665
-0.871, 0.053, 0.044, -0.286, -5.026, -0.668
-0.871, 0.053, 0.044, -0.233, -5.016, -0.694
-0.871, 0.053, 0.044, -0.195, -5.021, -0.734
-0.871, 0.053, 0.044, -0.094, -5.013, -0.732
-0.871, 0.053, 0.044, -0.307, -4.99, -0.607
-0.871, 0.053, 0.044, -0.308, -5.104, -0.708
-0.871, 0.053, 0.044, -0.466, -4.991, -0.661
-0.87, 0.054, 0.044, 0.032, -5.004, -0.698
-0.87, 0.053, 0.044, -0.317, -4.862, -0.416
-0.87, 0.054, 0.044, -0.024, -5.056, -0.67
-0.871, 0.053, 0.044, -0.306, -4.971, -0.663
-0.871, 0.053, 0.044, -0.057, -4.974, -0.624
-0.871, 0.053, 0.044, -0.403, -5.014, -0.244
-0.871, 0.053, 0.044, -0.418, -5.015, -0.642
-0.871, 0.053, 0.044, -0.114, -5.014, -0.646
-0.871, 0.053, 0.044, -0.152, -4.938, -0.616
-0.871, 0.053, 0.044, -0.213, -5.102, -0.685
-0.871, 0.053, 0.044, -0.177, -4.988, -0.718
-0.871, 0.053, 0.044, -0.299, -4.956, -0.729
-0.871, 0.053, 0.044, -0.414, -4.978, -0.694
-0.871, 0.053, 0.044, -0.093, -4.981, -0.771
-0.871, 0.053, 0.044, -0.158, -5.048, -0.733
-0.871, 0.053, 0.044, -0.478, -5.015, -0.809
-0.871, 0.053, 0.044, -0.346, -5.02, -0.652
-0.871, 0.053, 0.044, -0.254, -4.892, -0.685
-0.871, 0.053, 0.044, -0.322, -4.933, -0.711
-0.871, 0.053, 0.044, -0.288, -5.092, -0.69
-0.871, 0.053, 0.044, -0.157, -4.972, -0.676
-0.871, 0.053, 0.044, -0.259, -5.046, -0.702
-0.871, 0.053, 0.044, -0.16, -5.059, -0.733
-0.871, 0.053, 0.044, -0.233, -5.078, -0.728
-0.871, 0.053, 0.044, -0.264, -5.017, -0.699
-0.871, 0.053, 0.044, -0.423, -4.929, -0.782
-0.871, 0.053, 0.043, -0.555, -4.879, -0.892
-0.871, 0.053, 0.044, -0.433, -4.811, -0.829
-0.871, 0.053, 0.044, -0.474, -4.868, -0.806
-0.871, 0.053, 0.044, -0.539, -4.84, -0.808
-0.871, 0.053, 0.043, -0.589, -4.899, -0.765
-0.871, 0.053, 0.044, -0.544, -4.912, -0.791
-0.871, 0.053, 0.044, -0.575, -4.886, -0.809
-0.871, 0.053, 0.044, -0.52, -4.843, -0.827
-0.871, 0.053, 0.044, -0.514, -4.841, -0.805
-0.871, 0.053, 0.044, -0.553, -4.843, -0.802
-0.871, 0.053, 0.043, -0.591, -4.852, -0.791
-0.871, 0.053, 0.044, -0.489, -4.894, -0.739
-0.871, 0.053, 0.044, -0.409, -4.976, -0.702
-0.871, 0.053, 0.044, -0.38, -4.945, -0.683
-0.871, 0.053, 0.044, -0.548, -4.968, -0.612
-0.871, 0.053, 0.044, -0.35, -4.99, -0.682
-0.871, 0.053, 0.044, -0.41, -4.988, -0.731
-0.871, 0.053, 0.044, -0.135, -4.967, -0.688
-0.871, 0.053, 0.044, -0.155, -5.02, -0.689
-0.871, 0.053, 0.044, -0.324, -5.078, -0.612
-0.871, 0.053, 0.044, -0.194, -4.976, -0.695
-0.871, 0.053, 0.044, -0.323, -4.929, -0.729
-0.871, 0.053, 0.044, -0.384, -5.053, -0.673
-0.871, 0.053, 0.044, -0.362, -5.019, -0.722
-0.871, 0.053, 0.044, -0.419, -5.051, -0.695
-0.871, 0.053, 0.044, -0.5, -4.968, -0.761
-0.871, 0.053, 0.044, -0.324, -5.013, -0.516
-0.871, 0.053, 0.044, -0.377, -4.969, -0.572
-0.871, 0.053, 0.044, -0.338, -4.978, -0.627
-0.871, 0.053, 0.044, -0.522, -4.793, -0.524
-0.871, 0.053, 0.044, -0.239, -4.735, -0.646
-0.871, 0.053, 0.044, -0.3, -4.915, -0.656
-0.871, 0.053, 0.044, -0.363, -4.94, -0.546
-0.87, 0.053, 0.044, -0.119, -5.035, -0.681
-0.87, 0.053, 0.044, -0.295, -4.952, -0.598
-0.871, 0.053, 0.044, -0.344, -4.985, -0.451
-0.871, 0.053, 0.044, -0.634, -4.966, -0.494
-0.871, 0.053, 0.044, -0.418, -4.936, -0.7
-0.871, 0.053, 0.044, -0.506, -4.927, -0.695
-0.871, 0.053, 0.044, -0.468, -4.897, -0.711
-0.871, 0.053, 0.044, -0.511, -5.069, -0.685
-0.871, 0.053, 0.044, -0.477, -4.962, -0.717
-0.871, 0.053, 0.044, -0.602, -4.799, -0.7
-0.871, 0.053, 0.044, -0.488, -4.897, -0.711
-0.87, 0.053, 0.044, -0.45, -4.958, -0.708
-0.87, 0.053, 0.044, -0.518, -4.932, -0.69
-0.87, 0.053, 0.044, -0.649, -4.907, -0.658
-0.871, 0.053, 0.044, -0.458, -4.97, -0.597
-0.871, 0.053, 0.044, -0.572, -4.912, -0.504
-0.87, 0.053, 0.044, -0.123, -4.71, -0.891
-0.87, 0.053, 0.044, -0.25, -4.948, -0.552
-0.871, 0.053, 0.044, -0.2, -5.054, -0.553
-0.871, 0.053, 0.044, -0.148, -4.939, -0.635
-0.871, 0.053, 0.044, -0.289, -4.956, -0.73
-0.871, 0.053, 0.044, -0.318, -4.868, -0.785
-0.871, 0.053, 0.044, -0.156, -4.976, -0.638
-0.871, 0.053, 0.044, -0.49, -4.91, -0.634
-0.871, 0.053, 0.043, -0.515, -4.833, -0.921
-0.871, 0.053, 0.043, -0.206, -4.716, -0.944
-0.871, 0.053, 0.043, -0.419, -4.756, -0.951
-0.871, 0.053, 0.044, -0.53, -4.849, -0.776
-0.871, 0.053, 0.044, -0.337, -4.901, -0.804
-0.871, 0.053, 0.043, -0.504, -4.769, -1.009
-0.871, 0.053, 0.043, -0.437, -4.774, -0.981
-0.871, 0.053, 0.043, -0.405, -4.793, -0.991
-0.871, 0.053, 0.043, -0.306, -4.79, -0.986
-0.871, 0.053, 0.044, -0.428, -4.781, -0.833
-0.871, 0.053, 0.043, -0.383, -4.794, -0.982
-0.871, 0.053, 0.043, -0.428, -4.87, -0.887
-0.871, 0.053, 0.043, -0.394, -4.805, -0.976
-0.871, 0.053, 0.043, -0.26, -4.825, -1.029
-0.871, 0.053, 0.043, -0.217, -4.969, -0.831
-0.871, 0.053, 0.043, -0.341, -4.759, -0.99
-0.871, 0.053, 0.043, -0.344, -4.783, -0.896
-0.871, 0.053, 0.044, -0.312, -5.107, -0.378
-0.871, 0.053, 0.044, -0.222, -4.971, -0.712
-0.871, 0.053, 0.044, -0.179, -5.025, -0.736
-0.871, 0.053, 0.044, -0.517, -5.017, -0.543
-0.871, 0.053, 0.044, -0.378, -4.993, -0.712
-0.871, 0.053, 0.044, -0.327, -4.921, -0.759
-0.87, 0.053, 0.044, -0.169, -5.026, -0.685
-0.871, 0.053, 0.044, -0.263, -5.172, -0.723
-0.871, 0.053, 0.044, -0.317, -4.977, -0.651
-0.87, 0.053, 0.044, -0.137, -5.016, -0.745
-0.871, 0.053, 0.044, -0.37, -4.981, -0.58
-0.871, 0.053, 0.044, -0.557, -4.856, -0.79
-0.871, 0.053, 0.044, -0.41, -4.744, -0.715
-0.871, 0.053, 0.044, -0.504, -4.881, -0.797
-0.871, 0.053, 0.044, -0.5, -4.938, -0.77
-0.871, 0.053, 0.044, -0.361, -4.883, -0.898
-0.871, 0.053, 0.044, -0.5, -5.021, -0.649
-0.871, 0.053, 0.044, -0.617, -4.833, -0.696
-0.87, 0.053, 0.043, -0.424, -4.746, -1.052
-0.871, 0.053, 0.044, -0.372, -4.98, -0.592
-0.87, 0.052, 0.044, -0.427, -4.656, -0.863
-0.871, 0.053, 0.044, -0.52, -4.888, -0.792
-0.871, 0.053, 0.044, -0.262, -4.997, -0.742
-0.871, 0.053, 0.043, -0.535, -4.999, -0.808
-0.871, 0.053, 0.044, -0.147, -5.005, -0.689
-0.871, 0.054, 0.044, -0.31, -5.037, -0.708
-0.871, 0.053, 0.044, -0.365, -5.001, -0.671
-0.871, 0.053, 0.043, -0.256, -4.791, -0.879
-0.871, 0.053, 0.043, -0.615, -4.749, -0.995
-0.871, 0.053, 0.044, -0.337, -4.931, -0.633
-0.871, 0.053, 0.044, -0.285, -4.979, -0.669
-0.871, 0.053, 0.044, -0.158, -5.014, -0.551
-0.871, 0.053, 0.043, -0.515, -4.756, -1.033
-0.871, 0.053, 0.044, -0.497, -5.127, -0.432
-0.871, 0.053, 0.044, -0.266, -5.129, -0.701
-0.871, 0.053, 0.044, -0.448, -5.033, -0.812
-0.871, 0.053, 0.044, -0.354, -5.014, -0.622
-0.871, 0.053, 0.044, -0.272, -5.081, -0.674
-0.871, 0.053, 0.044, -0.301, -5.075, -0.614
-0.871, 0.053, 0.044, -0.172, -4.992, -0.591
-0.871, 0.053, 0.044, -0.301, -5.036, -0.563
-0.87, 0.054, 0.044, -0.382, -5.157, -0.601
-0.871, 0.053, 0.044, -0.31, -5.02, -0.684
-0.871, 0.053, 0.044, -0.361, -4.95, -0.65
-0.871, 0.053, 0.044, -0.231, -4.987, -0.647
-0.87, 0.053, 0.044, -0.478, -5.171, -0.602
-0.871, 0.053, 0.044, -0.464, -4.943, -0.526
-0.87, 0.053, 0.044, -0.441, -5.166, -0.363
-0.871, 0.053, 0.044, -0.336, -4.96, -0.773
-0.871, 0.053, 0.044, -0.34, -5.029, -0.752
-0.87, 0.053, 0.044, -0.457, -5.054, -0.565
-0.871, 0.053, 0.044, -0.354, -5.1, -0.84
-0.87, 0.053, 0.044, -0.266, -4.905, -0.846
-0.871, 0.053, 0.044, -0.339, -5.057, -0.719
-0.871, 0.053, 0.044, -0.449, -4.882, -0.849
-0.871, 0.053, 0.044, -0.288, -4.976, -0.82
-0.871, 0.053, 0.043, -0.428, -4.973, -0.868
-0.871, 0.053, 0.043, -0.345, -4.775, -0.958
-0.871, 0.053, 0.044, -0.496, -4.859, -0.643
-0.871, 0.053, 0.044, -0.424, -4.986, -0.61
-0.871, 0.053, 0.044, -0.444, -5.012, -0.609
-0.871, 0.053, 0.044, -0.616, -5.084, -0.682
-0.871, 0.053, 0.044, -0.32, -5.005, -0.609
-0.871, 0.053, 0.044, -0.209, -5.058, -0.678
-0.871, 0.053, 0.044, -0.271, -4.948, -0.748
-0.871, 0.053, 0.044, -0.306, -4.998, -0.809
-0.871, 0.054, 0.044, -0.295, -5.217, -0.575
-0.871, 0.053, 0.043, -0.271, -4.861, -0.954
-0.87, 0.053, 0.043, -0.317, -4.801, -0.928
-0.871, 0.053, 0.043, -0.368, -4.99, -0.834
-0.871, 0.053, 0.044, -0.15, -5.028, -0.789
-0.871, 0.053, 0.044, -0.236, -5.101, -0.752
-0.871, 0.053, 0.044, -0.418, -5.044, -0.719
-0.871, 0.053, 0.044, -0.332, -4.923, -0.81
-0.871, 0.053, 0.044, -0.478, -4.89, -0.796
-0.871, 0.053, 0.044, -0.55, -4.939, -0.768
-0.871, 0.053, 0.044, -0.581, -4.942, -0.753
-0.871, 0.053, 0.043, -0.508, -4.881, -0.905
-0.871, 0.053, 0.043, -0.493, -4.802, -0.9
-0.871, 0.053, 0.044, -0.215, -4.988, -0.676
-0.871, 0.053, 0.044, -0.308, -5.003, -0.656
-0.871, 0.053, 0.044, -0.452, -5.029, -0.653
-0.871, 0.053, 0.044, -0.429, -5.055, -0.496
-0.871, 0.053, 0.044, -0.366, -5.02, -0.47
-0.871, 0.053, 0.043, -0.49, -4.87, -0.837
-0.871, 0.053, 0.043, -0.508, -4.819, -0.88
-0.871, 0.053, 0.044, -0.327, -4.977, -0.735
-0.871, 0.053, 0.044, -0.404, -4.981, -0.681
-0.871, 0.053, 0.044, -0.386, -4.977, -0.661
-0.871, 0.053, 0.044, -0.528, -4.926, -0.554
-0.871, 0.053, 0.044, -0.653, -4.872, -0.872
-0.871, 0.053, 0.044, -0.49, -4.927, -0.614
-0.871, 0.053, 0.044, -0.495, -4.967, -0.634
-0.871, 0.053, 0.044, -0.59, -4.967, -0.674
-0.871, 0.053, 0.044, -0.675, -4.971, -0.691
-0.871, 0.053, 0.044, -0.512, -4.943, -0.555
-0.871, 0.053, 0.044, -0.543, -4.978, -0.737
-0.871, 0.053, 0.044, -0.499, -4.982, -0.859
-0.871, 0.053, 0.044, -0.43, -4.982, -0.633
-0.871, 0.053, 0.044, -0.365, -4.996, -0.696
-0.871, 0.053, 0.044, -0.451, -5.003, -0.762
-0.871, 0.053, 0.044, -0.411, -4.981, -0.71
-0.871, 0.053, 0.044, -0.26, -4.892, -0.598
-0.871, 0.053, 0.044, -0.145, -5.03, -0.662
-0.871, 0.053, 0.044, -0.342, -5.116, -0.478
-0.871, 0.053, 0.044, -0.474, -5.036, -0.783
-0.871, 0.053, 0.044, -0.395, -4.942, -0.733
-0.871, 0.053, 0.044, -0.547, -5.032, -0.625
-0.871, 0.053, 0.044, -0.287, -5.053, -0.686
-0.87, 0.053, 0.044, -0.366, -5.186, -0.628
-0.871, 0.053, 0.044, -0.473, -5.117, -0.602
-0.871, 0.053, 0.044, -0.434, -5.091, -0.597
-0.871, 0.053, 0.044, -0.322, -5.1, -0.685
-0.87, 0.054, 0.044, -0.288, -4.97, -0.887
-0.871, 0.053, 0.044, -0.523, -4.923, -0.81
-0.87, 0.053, 0.044, -0.386, -4.762, -0.805
-0.871, 0.053, 0.044, -0.661, -4.836, -0.963
-0.871, 0.053, 0.044, -0.454, -4.972, -0.607
-0.871, 0.053, 0.044, -0.391, -5.121, -0.669
-0.871, 0.053, 0.044, -0.495, -4.753, -0.574
-0.871, 0.053, 0.044, -0.523, -4.996, -0.794
-0.871, 0.053, 0.044, -0.438, -4.977, -0.517
-0.871, 0.053, 0.043, -0.388, -4.721, -0.846
-0.871, 0.053, 0.044, -0.337, -5.074, -0.643
-0.87, 0.053, 0.044, -0.273, -4.928, -0.545
-0.871, 0.053, 0.044, -0.383, -5.082, -0.474
-0.871, 0.053, 0.044, -0.447, -4.892, -0.724
-0.871, 0.053, 0.044, -0.193, -4.941, -0.709
-0.871, 0.053, 0.044, -0.254, -4.941, -0.718
-0.871, 0.053, 0.044, -0.275, -4.954, -0.72
-0.871, 0.053, 0.044, -0.454, -4.982, -0.644
-0.871, 0.053, 0.044, -0.481, -5.044, -0.86
-0.871, 0.053, 0.044, -0.209, -5.034, -0.669
-0.871, 0.053, 0.044, -0.261, -4.892, -0.708
-0.871, 0.053, 0.044, -0.418, -4.861, -0.812
-0.871, 0.053, 0.044, -0.448, -4.936, -0.797
-0.871, 0.053, 0.044, -0.567, -4.999, -0.86
-0.871, 0.053, 0.044, -0.259, -5.021, -0.655
-0.871, 0.053, 0.044, -0.565, -4.953, -0.657
-0.87, 0.053, 0.044, -0.365, -5.267, -0.409
-0.871, 0.053, 0.044, -0.315, -5.054, -0.738
-0.871, 0.054, 0.044, -0.152, -5.011, -0.666
-0.87, 0.053, 0.044, -0.387, -5.211, -0.598
-0.871, 0.053, 0.044, -0.446, -5.025, -0.522
-0.871, 0.053, 0.043, -0.472, -4.789, -1.035
-0.871, 0.053, 0.044, -0.491, -5.058, -0.435
-0.871, 0.053, 0.044, -0.351, -4.903, -0.684
-0.87, 0.053, 0.044, -0.207, -5.033, -0.619
-0.871, 0.054, 0.044, -0.305, -5.078, -0.556
-0.87, 0.054, 0.044, -0.168, -5.076, -0.651
-0.871, 0.054, 0.044, -0.346, -5.138, -0.73
-0.871, 0.053, 0.044, -0.346, -5.002, -0.792
-0.871, 0.053, 0.044, -0.436, -5.006, -0.798
-0.87, 0.053, 0.044, -0.313, -4.986, -0.856
-0.871, 0.053, 0.044, -0.558, -5.078, -0.578
-0.871, 0.053, 0.043, -0.412, -5.096, -0.869
-0.871, 0.053, 0.044, -0.487, -4.921, -0.596
-0.871, 0.053, 0.044, -0.17, -5.05, -0.705
-0.871, 0.053, 0.044, -0.524, -4.897, -0.708
-0.871, 0.053, 0.044, -0.296, -5.02, -0.75
-0.871, 0.053, 0.044, -0.342, -5.034, -0.643
-0.87, 0.053, 0.044, -0.362, -5.22, -0.504
-0.87, 0.054, 0.044, -0.397, -5.066, -0.374
-0.87, 0.053, 0.044, -0.215, -5.088, -0.679
-0.87, 0.053, 0.044, -0.261, -5.077, -0.633
-0.87, 0.053, 0.044, -0.373, -4.957, -0.617
-0.87, 0.053, 0.044, -0.271, -5.072, -0.699
-0.87, 0.053, 0.044, -0.243, -5.028, -0.744
-0.871, 0.053, 0.044, -0.541, -4.997, -0.709
-0.871, 0.053, 0.044, -0.483, -5.132, -0.639
-0.871, 0.053, 0.044, -0.325, -5.048, -0.663
-0.871, 0.053, 0.044, -0.435, -4.993, -0.626
-0.871, 0.053, 0.044, -0.246, -5.027, -0.701
-0.87, 0.053, 0.044, -0.316, -5.051, -0.672
-0.871, 0.053, 0.044, -0.401, -5.017, -0.704
-0.87, 0.053, 0.044, -0.321, -5.061, -0.758
-0.871, 0.053, 0.044, -0.387, -4.986, -0.674
-0.871, 0.053, 0.044, -0.464, -4.927, -0.664
-0.871, 0.053, 0.044, -0.316, -5.003, -0.648
-0.871, 0.053, 0.044, -0.389, -4.986, -0.637
-0.871, 0.053, 0.044, -0.6, -5.015, -0.681
-0.871, 0.053, 0.044, -0.489, -5.093, -0.524
-0.871, 0.053, 0.044, -0.395, -5.085, -0.696
-0.871, 0.053, 0.044, -0.473, -5.063, -0.513
-0.871, 0.053, 0.044, -0.472, -5.082, -0.541
-0.871, 0.054, 0.044, -0.167, -5.085, -0.605
-0.871, 0.053, 0.043, -0.385, -4.79, -1.001
-0.87, 0.054, 0.045, -0.303, -5.103, -0.298
-0.871, 0.053, 0.044, -0.427, -5.04, -0.626
-0.871, 0.053, 0.044, -0.289, -5.068, -0.532
-0.871, 0.053, 0.044, -0.419, -5.003, -0.662
-0.871, 0.053, 0.044, -0.474, -4.9, -0.621
-0.871, 0.053, 0.044, -0.387, -4.976, -0.612
-0.871, 0.053, 0.044, -0.435, -5.278, -0.31
-0.871, 0.053, 0.044, -0.457, -4.832, -0.678
-0.871, 0.053, 0.044, -0.35, -4.909, -0.668
-0.871, 0.053, 0.044, -0.478, -4.989, -0.687
-0.871, 0.053, 0.044, -0.21, -4.958, -0.607
-0.871, 0.053, 0.043, -0.571, -4.878, -0.868
-0.871, 0.053, 0.044, -0.456, -4.917, -0.723
-0.871, 0.053, 0.044, -0.422, -4.871, -0.732
-0.87, 0.053, 0.044, -0.321, -5.038, -0.657
-0.871, 0.053, 0.044, -0.113, -5.004, -0.665
-0.87, 0.053, 0.044, -0.357, -4.971, -0.676
-0.871, 0.053, 0.044, -0.216, -4.965, -0.704
-0.871, 0.054, 0.045, -0.745, -5.059, -0.261
-0.871, 0.054, 0.044, -0.379, -5.038, -0.631
-0.871, 0.054, 0.044, -0.632, -4.993, -0.829
-0.871, 0.053, 0.044, -0.37, -5.038, -0.504
-0.871, 0.053, 0.044, -0.097, -5.026, -0.685
-0.871, 0.053, 0.044, -0.55, -5.087, -0.478
-0.871, 0.053, 0.044, -0.431, -5.045, -0.751
-0.871, 0.053, 0.044, -0.303, -5.192, -0.643
-0.871, 0.053, 0.044, -0.317, -5.037, -0.795
-0.871, 0.053, 0.044, -0.287, -4.985, -0.811
-0.871, 0.053, 0.044, -0.296, -4.925, -0.59
-0.871, 0.053, 0.043, -0.373, -5.005, -1.047
-0.871, 0.053, 0.044, -0.184, -5.005, -0.777
-0.871, 0.053, 0.044, -0.419, -4.921, -0.78
-0.871, 0.053, 0.044, -0.383, -5.036, -0.85
-0.871, 0.053, 0.044, -0.47, -4.963, -0.519
-0.871, 0.053, 0.044, -0.422, -5.033, -0.747
-0.871, 0.053, 0.044, -0.285, -4.983, -0.8
-0.871, 0.053, 0.044, -0.377, -5.01, -0.714
-0.871, 0.053, 0.044, -0.285, -5.028, -0.699
-0.871, 0.053, 0.044, -0.411, -5.394, -0.573
-0.871, 0.053, 0.044, -0.606, -4.925, -0.769
-0.87, 0.053, 0.044, -0.673, -4.843, -0.774
-0.871, 0.053, 0.044, -0.498, -4.865, -0.652
-0.871, 0.053, 0.044, -0.499, -5.046, -0.644
-0.871, 0.053, 0.044, -0.608, -4.88, -0.704
-0.871, 0.053, 0.044, -0.297, -5.026, -0.695
-0.87, 0.053, 0.044, -0.493, -4.874, -0.748
-0.871, 0.053, 0.044, -0.616, -4.919, -0.848
-0.871, 0.053, 0.044, -0.584, -4.88, -0.851
